time_s,time_min,Pbase_bar,liquid_level_m,riser_holdup,Qliq_out_kgs,stage
0.0,0.0,31.971555922384454,177.6,0.12,0.9724348863174751,1.0
20.0,0.3333333333333333,32.622746212421475,185.0665038994606,0.1250449350672031,0.9724348863174751,1.0
40.0,0.6666666666666666,33.2739365024585,192.5330077989212,0.13008987013440623,0.9724348863174751,1.0
60.0,1.0,33.92512679249552,199.9995116983818,0.13513480520160934,0.9724348863174751,1.0
80.0,1.3333333333333333,34.57631708253254,207.46601559784244,0.14017974026881247,0.9724348863174751,1.0
100.0,1.6666666666666667,35.22750737256956,214.93251949730305,0.14522467533601557,0.9724348863174751,1.0
120.0,2.0,35.878697662606584,222.39902339676365,0.15026961040321868,0.9724348863174751,1.0
140.0,2.3333333333333335,36.5298879526436,229.86552729622426,0.15531454547042178,0.9724348863174751,1.0
160.0,2.6666666666666665,37.18107824268062,237.33203119568486,0.16035948053762492,0.9724348863174751,1.0
180.0,3.0,37.83226853271765,244.7985350951455,0.16540441560482805,0.9724348863174751,1.0
200.0,3.3333333333333335,38.48345882275467,252.2650389946061,0.17044935067203115,0.9724348863174751,1.0
220.0,3.6666666666666665,39.13464911279169,259.7315428940667,0.17549428573923426,0.9724348863174751,1.0
240.0,4.0,39.78583940282871,267.1980467935273,0.18053922080643736,0.9724348863174751,1.0
260.0,4.333333333333333,40.43702969286573,274.6645506929879,0.1855841558736405,0.9724348863174751,1.0
280.0,4.666666666666667,41.08821998290275,282.13105459244855,0.19062909094084363,0.9724348863174751,1.0
300.0,5.0,41.73941027293977,289.5975584919091,0.1956740260080467,0.9724348863174751,1.0
320.0,5.333333333333333,42.39060056297679,297.06406239136976,0.20071896107524984,0.9724348863174751,1.0
340.0,5.666666666666667,43.04179085301382,304.5305662908304,0.20576389614245297,0.9724348863174751,1.0
360.0,6.0,43.69298114305084,311.99707019029097,0.21080883120965607,0.9724348863174751,1.0
380.0,6.333333333333333,44.34417143308785,319.46357408975155,0.21585376627685915,0.9724348863174751,1.0
400.0,6.666666666666667,44.99536172312489,326.93007798921224,0.2208987013440623,0.9724348863174751,1.0
420.0,7.0,45.6465520131619,334.3965818886728,0.2259436364112654,0.9724348863174751,1.0
440.0,7.333333333333333,46.29774230319892,341.8630857881334,0.23098857147846852,0.9724348863174751,1.0
460.0,7.666666666666667,46.94893259323595,349.3295896875941,0.23603350654567168,0.9724348863174751,1.0
480.0,8.0,47.600122883272974,356.79609358705466,0.24107844161287476,0.9724348863174751,1.0
500.0,8.333333333333334,48.25131317330998,364.26259748651523,0.24612337668007786,0.9724348863174751,1.0
520.0,8.666666666666666,48.90250346334702,371.72910138597587,0.251168311747281,0.9724348863174751,1.0
540.0,9.0,49.55369375338403,379.1956052854365,0.2562132468144841,0.9724348863174751,1.0
560.0,9.333333333333334,50.20488404342105,386.6621091848971,0.2612581818816872,0.9724348863174751,1.0
580.0,9.666666666666666,50.856074333458075,394.1286130843577,0.26630311694889036,0.9724348863174751,1.0
600.0,10.0,51.5072646234951,401.5951169838183,0.2713480520160934,0.9724348863174751,1.0
620.0,10.333333333333334,52.15845491353212,409.0616208832789,0.27639298708329657,0.9724348863174751,1.0
640.0,10.666666666666666,52.80964520356914,416.5281247827395,0.2814379221504997,0.9724348863174751,1.0
660.0,11.0,53.46083549360616,423.9946286822002,0.28648285721770284,0.9724348863174751,1.0
680.0,11.333333333333334,54.11202578364318,431.46113258166076,0.29152779228490594,0.9724348863174751,1.0
700.0,11.666666666666666,54.763216073680205,438.92763648112134,0.296572727352109,0.9724348863174751,1.0
720.0,12.0,55.41440636371723,446.3941403805819,0.3016176624193121,0.9724348863174751,1.0
740.0,12.333333333333334,56.06559665375425,453.8606442800426,0.30666259748651525,0.9724348863174751,1.0
760.0,12.666666666666666,56.71678694379127,461.3271481795032,0.31170753255371836,0.9724348863174751,1.0
780.0,13.0,57.367977233828285,468.79365207896376,0.31675246762092146,0.9724348863174751,1.0
800.0,13.333333333333334,58.019167523865306,476.26015597842445,0.3217974026881246,0.9724348863174751,1.0
820.0,13.666666666666666,58.67035781390233,483.726659877885,0.3268423377553277,0.9724348863174751,1.0
840.0,14.0,59.32154810393935,491.1931637773456,0.33188727282253083,0.9724348863174751,1.0
860.0,14.333333333333334,59.97273839397637,498.6596676768063,0.336932207889734,0.9724348863174751,1.0
880.0,14.666666666666666,60.62392868401339,506.12617157626687,0.3419771429569371,0.9724348863174751,1.0
900.0,15.0,61.275118974050415,513.5926754757274,0.34702207802414015,0.9724348863174751,1.0
920.0,15.333333333333334,61.92630926408744,521.0591793751881,0.35206701309134336,0.9724348863174751,1.0
940.0,15.666666666666666,62.57749955412446,528.5256832746487,0.3571119481585464,0.9724348863174751,1.0
960.0,16.0,63.22868984416148,535.9921871741093,0.3621568832257495,0.9724348863174751,1.0
980.0,16.333333333333332,63.8798801341985,543.4586910735699,0.3672018182929526,0.9724348863174751,1.0
1000.0,16.666666666666668,64.53107042423552,550.9251949730306,0.3722467533601558,0.9724348863174751,1.0
1020.0,17.0,65.18226071427254,558.3916988724911,0.3772916884273589,0.9724348863174751,1.0
1040.0,17.333333333333332,65.83345100430957,565.8582027719517,0.382336623494562,0.9724348863174751,1.0
1060.0,17.666666666666668,66.48464129434659,573.3247066714123,0.38738155856176504,0.9724348863174751,1.0
1080.0,18.0,67.13583158438361,580.791210570873,0.39242649362896825,0.9724348863174751,1.0
1100.0,18.333333333333332,67.78702187442063,588.2577144703336,0.3974714286961713,0.9724348863174751,1.0
1120.0,18.666666666666668,68.43821216445764,595.7242183697941,0.4025163637633744,0.9724348863174751,1.0
1140.0,19.0,69.08940245449466,603.1907222692547,0.4075612988305775,0.9724348863174751,1.0
1160.0,19.333333333333332,69.7405927445317,610.6572261687154,0.41260623389778067,0.9724348863174751,1.0
1180.0,19.666666666666668,70.3917830345687,618.123730068176,0.4176511689649838,0.9724348863174751,1.0
1200.0,20.0,71.04297332460573,625.5902339676366,0.4226961040321869,0.9724348863174751,1.0
1220.0,20.333333333333332,71.69416361464276,633.0567378670972,0.42774103909939004,0.9724348863174751,1.0
1240.0,20.666666666666668,72.34535390467977,640.5232417665578,0.43278597416659315,0.9724348863174751,1.0
1260.0,21.0,72.99654419471679,647.9897456660184,0.4378309092337962,0.9724348863174751,1.0
1280.0,21.333333333333332,73.64773448475383,655.4562495654791,0.44287584430099936,0.9724348863174751,1.0
1300.0,21.666666666666668,74.29892477479085,662.9227534649397,0.44792077936820246,0.9724348863174751,1.0
1320.0,22.0,74.95011506482787,670.3892573644004,0.4529657144354056,0.9724348863174751,1.0
1340.0,22.333333333333332,75.60130535486489,677.8557612638609,0.4580106495026087,0.9724348863174751,1.0
1360.0,22.666666666666668,76.25249564490191,685.3222651633215,0.46305558456981183,0.9724348863174751,1.0
1380.0,23.0,76.90368593493893,692.7887690627821,0.46810051963701493,0.9724348863174751,1.0
1400.0,23.333333333333332,77.55487622497596,700.2552729622428,0.4731454547042181,0.9724348863174751,1.0
1420.0,23.666666666666668,78.20606651501296,707.7217768617033,0.4781903897714212,0.9724348863174751,1.0
1440.0,24.0,78.85725680504999,715.1882807611639,0.48323532483862425,0.9724348863174751,1.0
1460.0,24.333333333333332,79.508447095087,722.6547846606245,0.48828025990582735,0.9724348863174751,1.0
1480.0,24.666666666666668,80.15963738512403,730.1212885600852,0.4933251949730305,0.9724348863174751,1.0
1500.0,25.0,80.81082767516105,737.5877924595458,0.4983701300402336,0.9724348863174751,1.0
1520.0,25.333333333333332,81.46201796519807,745.0542963590063,0.5034150651074367,0.9724348863174751,1.0
1540.0,25.666666666666668,82.11320825523511,752.520800258467,0.5084600001746399,0.9724348863174751,1.0
1560.0,26.0,82.76439854527212,759.9873041579276,0.5135049352418429,0.9724348863174751,1.0
1580.0,26.333333333333332,83.41558883530914,767.4538080573882,0.5185498703090461,0.9724348863174751,1.0
1600.0,26.666666666666668,84.06677912534617,774.9203119568489,0.5235948053762493,0.9724348863174751,1.0
1620.0,27.0,84.7179694153832,782.3868158563095,0.5286397404434523,0.9724348863174751,1.0
1640.0,27.333333333333332,85.36915970542022,789.85331975577,0.5336846755106555,0.9724348863174751,1.0
1660.0,27.666666666666668,86.02034999545724,797.3198236552307,0.5387296105778586,0.9724348863174751,1.0
1680.0,28.0,86.67154028549426,804.7863275546913,0.5437745456450617,0.9724348863174751,1.0
1700.0,28.333333333333332,87.32273057553127,812.2528314541519,0.5488194807122648,0.9724348863174751,1.0
1720.0,28.666666666666668,87.97392086556829,819.7193353536126,0.553864415779468,0.9724348863174751,1.0
1740.0,29.0,88.62511115560531,827.1858392530731,0.558909350846671,0.9724348863174751,1.0
1760.0,29.333333333333332,89.27630144564233,834.6523431525337,0.5639542859138741,0.9724348863174751,1.0
1780.0,29.666666666666668,89.92749173567935,842.1188470519943,0.5689992209810772,0.9724348863174751,1.0
1800.0,30.0,90.57868202571638,849.5853509514549,0.5740441560482803,0.9724348863174751,1.0
1820.0,30.333333333333332,91.2298723157534,857.0518548509154,0.5790890911154835,0.9724348863174751,1.0
1840.0,30.666666666666668,91.88106260579042,864.5183587503763,0.5841340261826866,0.9724348863174751,1.0
1860.0,31.0,92.53225289582744,871.9848626498368,0.5891789612498898,0.9724348863174751,1.0
1880.0,31.333333333333332,93.18344318586446,879.4513665492974,0.5942238963170928,0.9724348863174751,1.0
1900.0,31.666666666666668,93.83463347590148,886.917870448758,0.599268831384296,0.9724348863174751,1.0
1920.0,32.0,94.4858237659385,894.3843743482186,0.604313766451499,0.9724348863174751,1.0
1940.0,32.333333333333336,95.13701405597553,901.8508782476791,0.6093587015187021,0.9724348863174751,1.0
1960.0,32.666666666666664,95.78820434601255,909.3173821471398,0.6144036365859052,0.9724348863174751,1.0
1980.0,33.0,96.43939463604957,916.7838860466004,0.6194485716531084,0.9724348863174751,1.0
2000.0,33.333333333333336,97.09058492608659,924.2503899460611,0.6244935067203116,0.9724348863174751,1.0
2020.0,33.666666666666664,97.74177521612361,931.7168938455217,0.6295384417875146,0.9724348863174751,1.0
2040.0,34.0,98.39296550616064,939.1833977449822,0.6345833768547178,0.9724348863174751,1.0
2060.0,34.333333333333336,99.04415579619766,946.6499016444429,0.6396283119219209,0.9724348863174751,1.0
2080.0,34.666666666666664,99.69534608623468,954.1164055439035,0.644673246989124,0.9724348863174751,1.0
2100.0,35.0,100.3465363762717,961.5829094433641,0.649718182056327,0.9724348863174751,1.0
2120.0,35.333333333333336,100.99772666630872,969.0494133428247,0.6547631171235302,0.9724348863174751,1.0
2140.0,35.666666666666664,101.64891695634574,976.5159172422852,0.6598080521907332,0.9724348863174751,1.0
2160.0,36.0,102.30010724638275,983.9824211417459,0.6648529872579364,0.9724348863174751,1.0
2180.0,36.333333333333336,102.9512975364198,991.4489250412066,0.6698979223251396,0.9724348863174751,1.0
2200.0,36.666666666666664,103.6024878264568,998.9154289406672,0.6749428573923427,0.9724348863174751,1.0
2220.0,37.0,104.25367811649382,1006.3819328401278,0.6799877924595458,0.9724348863174751,1.0
2240.0,37.333333333333336,104.90486840653084,1013.8484367395884,0.6850327275267489,0.9724348863174751,1.0
2260.0,37.666666666666664,105.55605869656786,1021.3149406390489,0.690077662593952,0.9724348863174751,1.0
2280.0,38.0,106.20724898660488,1028.7814445385095,0.695122597661155,0.9724348863174751,1.0
2300.0,38.333333333333336,106.8584392766419,1036.24794843797,0.7001675327283582,0.9724348863174751,1.0
2320.0,38.666666666666664,107.50962956667894,1043.7144523374309,0.7052124677955615,0.9724348863174751,1.0
2340.0,39.0,108.16081985671596,1051.1809562368915,0.7102574028627645,0.9724348863174751,1.0
2360.0,39.333333333333336,108.81201014675297,1058.647460136352,0.7153023379299676,0.9724348863174751,1.0
2380.0,39.666666666666664,109.46320043678999,1066.1139640358126,0.7203472729971707,0.9724348863174751,1.0
2400.0,40.0,110.11439072682701,1073.5804679352732,0.7253922080643738,0.9724348863174751,1.0
2420.0,40.333333333333336,110.76558101686403,1081.0469718347338,0.7304371431315768,0.9724348863174751,1.0
2440.0,40.666666666666664,111.41677130690105,1088.5134757341943,0.73548207819878,0.9724348863174751,1.0
2460.0,41.0,112.06796159693808,1095.979979633655,0.740527013265983,0.9724348863174751,1.0
2480.0,41.333333333333336,112.71915188697511,1103.4464835331157,0.7455719483331863,0.9724348863174751,1.0
2500.0,41.666666666666664,113.37034217701213,1110.9129874325763,0.7506168834003893,0.9724348863174751,1.0
2520.0,42.0,114.02153246704914,1118.3794913320369,0.7556618184675925,0.9724348863174751,1.0
2540.0,42.333333333333336,114.67272275708616,1125.8459952314975,0.7607067535347956,0.9724348863174751,1.0
2560.0,42.666666666666664,115.32391304712318,1133.312499130958,0.7657516886019987,0.9724348863174751,1.0
2580.0,43.0,115.9751033371602,1140.7790030304186,0.7707966236692018,0.9724348863174751,1.0
2600.0,43.333333333333336,116.62629362719723,1148.2455069298792,0.7758415587364048,0.9724348863174751,1.0
2620.0,43.666666666666664,117.27748391723424,1155.7120108293398,0.780886493803608,0.9724348863174751,1.0
2640.0,44.0,117.92867420727129,1163.1785147288006,0.7859314288708112,0.9724348863174751,1.0
2660.0,44.333333333333336,118.57986449730828,1170.6450186282611,0.7909763639380143,0.9724348863174751,1.0
2680.0,44.666666666666664,119.2310547873453,1178.1115225277217,0.7960212990052173,0.9724348863174751,1.0
2700.0,45.0,119.88224507738232,1185.5780264271823,0.8010662340724205,0.9724348863174751,1.0
2720.0,45.333333333333336,120.53343536741934,1193.0445303266429,0.8061111691396236,0.9724348863174751,1.0
2740.0,45.666666666666664,121.18462565745637,1200.5110342261034,0.8111561042068266,0.9724348863174751,1.0
2760.0,46.0,121.83581594749339,1207.977538125564,0.8162010392740298,0.9724348863174751,1.0
2780.0,46.333333333333336,122.48700623753041,1215.4440420250246,0.8212459743412328,0.9724348863174751,1.0
2800.0,46.666666666666664,123.13819652756744,1222.9105459244854,0.8262909094084361,0.9724348863174751,1.0
2820.0,47.0,123.78938681760445,1230.377049823946,0.8313358444756391,0.9724348863174751,1.0
2840.0,47.333333333333336,124.44057710764147,1237.8435537234066,0.8363807795428423,0.9724348863174751,1.0
2860.0,47.666666666666664,125.0917673976785,1245.3100576228671,0.8414257146100453,0.9724348863174751,1.0
2880.0,48.0,125.74295768771552,1252.7765615223277,0.8464706496772485,0.9724348863174751,1.0
2900.0,48.333333333333336,126.39414797775254,1260.2430654217883,0.8515155847444515,0.9724348863174751,1.0
2920.0,48.666666666666664,127.04533826778956,1267.7095693212489,0.8565605198116546,0.9724348863174751,1.0
2940.0,49.0,127.69652855782658,1275.1760732207094,0.8616054548788578,0.9724348863174751,1.0
2960.0,49.333333333333336,128.3477188478636,1282.6425771201702,0.866650389946061,0.9724348863174751,1.0
2980.0,49.666666666666664,128.99890913790063,1290.1090810196308,0.8716953250132641,0.9724348863174751,1.0
3000.0,50.0,129.65009942793765,1297.5755849190914,0.8767402600804671,0.9724348863174751,1.0
3020.0,50.333333333333336,130.30128971797467,1305.042088818552,0.8817851951476703,0.9724348863174751,1.0
3040.0,50.666666666666664,130.9524800080117,1312.5085927180126,0.8868301302148733,0.9724348863174751,1.0
3060.0,51.0,131.6036702980487,1319.9750966174731,0.8918750652820764,0.9724348863174751,1.0
3080.0,51.333333333333336,132.25486058808573,1327.441600516934,0.8969200003492797,0.9724348863174751,1.0
3100.0,51.666666666666664,132.90605087812276,1334.9081044163945,0.9019649354164828,0.9724348863174751,1.0
3120.0,52.0,133.55724116815978,1342.374608315855,0.9070098704836859,0.9724348863174751,1.0
3140.0,52.333333333333336,134.2084314581968,1349.8411122153157,0.9120548055508889,0.9724348863174751,1.0
3160.0,52.666666666666664,134.85962174823382,1357.3076161147762,0.9170997406180921,0.9724348863174751,1.0
3180.0,53.0,135.51081203827084,1364.774120014237,0.9221446756852953,0.9724348863174751,1.0
3200.0,53.333333333333336,136.16200232830786,1372.2406239136976,0.9271896107524984,0.9724348863174751,1.0
3220.0,53.666666666666664,136.81319261834489,1379.7071278131582,0.9322345458197014,0.9724348863174751,1.0
3240.0,54.0,137.4643829083819,1387.1736317126188,0.9372794808869046,0.9724348863174751,1.0
3260.0,54.333333333333336,138.11557319841893,1394.6401356120793,0.9423244159541077,0.9724348863174751,1.0
3280.0,54.666666666666664,138.76676348845595,1402.10663951154,0.9473693510213108,0.9724348863174751,1.0
3300.0,55.0,139.41795377849297,1409.5731434110007,0.952414286088514,0.9724348863174751,1.0
3320.0,55.333333333333336,140.06914406853,1417.0396473104613,0.9574592211557171,0.9724348863174751,1.0
3340.0,55.666666666666664,140.72033435856702,1424.5061512099219,0.9625041562229202,0.9724348863174751,1.0
3360.0,56.0,141.37152464860404,1431.9726551093825,0.9675490912901232,0.9724348863174751,1.0
3380.0,56.333333333333336,142.02271493864106,1439.439159008843,0.9725940263573264,0.9724348863174751,1.0
3400.0,56.666666666666664,142.67390522867808,1446.9056629083036,0.9776389614245294,0.9724348863174751,1.0
3420.0,57.0,143.32509551871507,1454.3721668077642,0.9826838964917326,0.9724348863174751,1.0
3440.0,57.333333333333336,143.97628580875212,1461.838670707225,0.9877288315589358,0.9724348863174751,1.0
3460.0,57.666666666666664,144.62747609878915,1469.3051746066856,0.9927737666261389,0.9724348863174751,1.0
3480.0,58.0,145.27866638882617,1476.7716785061461,0.997818701693342,0.9724348863174751,1.0
3500.0,58.333333333333336,138.13440734603844,1394.8560866770686,0.9424703288358571,410.16766047452074,2.0
3520.0,58.666666666666664,125.05217437317283,1244.8560866770686,0.8411189774845058,410.16766047452074,2.0
3540.0,59.0,111.96994140030723,1094.8560866770686,0.7397676261331544,410.16766047452074,2.0
3560.0,59.333333333333336,98.88770842744164,944.8560866770686,0.6384162747818031,410.16766047452074,2.0
3580.0,59.666666666666664,85.80547545457601,794.8560866770686,0.5370649234304518,410.16766047452074,2.0
3600.0,60.0,72.72324248171041,644.8560866770684,0.4357135720791003,410.16766047452074,2.0
3620.0,60.333333333333336,59.64100950884481,494.85608667706845,0.33436222072774896,410.16766047452074,2.0
3640.0,60.666666666666664,46.55877653597921,344.85608667706856,0.23301086937639767,410.16766047452074,2.0
3660.0,61.0,33.47654356311361,194.85608667706856,0.13165951802504633,410.16766047452074,2.0
3680.0,61.333333333333336,32.54783290516718,184.2075529763689,0.12446456282187088,0.9724348863174751,1.0
3700.0,61.666666666666664,33.199023195204205,191.6740568758295,0.12950949788907398,0.9724348863174751,1.0
3720.0,62.0,33.85021348524123,199.1405607752901,0.13455443295627711,0.9724348863174751,1.0
3740.0,62.333333333333336,34.50140377527825,206.60706467475075,0.13959936802348025,0.9724348863174751,1.0
3760.0,62.666666666666664,35.15259406531527,214.07356857421135,0.14464430309068335,0.9724348863174751,1.0
3780.0,63.0,35.803784355352285,221.54007247367196,0.14968923815788646,0.9724348863174751,1.0
3800.0,63.333333333333336,36.454974645389306,229.00657637313256,0.15473417322508956,0.9724348863174751,1.0
3820.0,63.666666666666664,37.10616493542633,236.47308027259317,0.1597791082922927,0.9724348863174751,1.0
3840.0,64.0,37.75735522546336,243.9395841720538,0.1648240433594958,0.9724348863174751,1.0
3860.0,64.33333333333333,38.40854551550037,251.40608807151438,0.1698689784266989,0.9724348863174751,1.0
3880.0,64.66666666666667,39.0597358055374,258.872591970975,0.17491391349390203,0.9724348863174751,1.0
3900.0,65.0,39.710926095574415,266.3390958704356,0.1799588485611051,0.9724348863174751,1.0
3920.0,65.33333333333333,40.36211638561144,273.8055997698962,0.18500378362830824,0.9724348863174751,1.0
3940.0,65.66666666666667,41.01330667564846,281.27210366935685,0.19004871869551138,0.9724348863174751,1.0
3960.0,66.0,41.66449696568548,288.73860756881743,0.19509365376271448,0.9724348863174751,1.0
3980.0,66.33333333333333,42.31568725572251,296.20511146827806,0.2001385888299176,0.9724348863174751,1.0
4000.0,66.66666666666667,42.96687754575953,303.6716153677387,0.20518352389712075,0.9724348863174751,1.0
4020.0,67.0,43.61806783579655,311.1381192671993,0.21022845896432382,0.9724348863174751,1.0
4040.0,67.33333333333333,44.269258125833574,318.60462316665985,0.21527339403152693,0.9724348863174751,1.0
4060.0,67.66666666666667,44.920448415870595,326.0711270661205,0.22031832909873006,0.9724348863174751,1.0
4080.0,68.0,45.57163870590761,333.5376309655811,0.2253632641659332,0.9724348863174751,1.0
4100.0,68.33333333333333,46.22282899594463,341.0041348650417,0.23040819923313627,0.9724348863174751,1.0
4120.0,68.66666666666667,46.87401928598165,348.4706387645024,0.23545313430033946,0.9724348863174751,1.0
4140.0,69.0,47.525209576018675,355.93714266396296,0.24049806936754253,0.9724348863174751,1.0
4160.0,69.33333333333333,48.1763998660557,363.40364656342354,0.24554300443474564,0.9724348863174751,1.0
4180.0,69.66666666666667,48.82759015609272,370.87015046288417,0.25058793950194874,0.9724348863174751,1.0
4200.0,70.0,49.47878044612974,378.3366543623448,0.2556328745691519,0.9724348863174751,1.0
4220.0,70.33333333333333,50.12997073616676,385.8031582618054,0.260677809636355,0.9724348863174751,1.0
4240.0,70.66666666666667,50.78116102620378,393.269662161266,0.2657227447035581,0.9724348863174751,1.0
4260.0,71.0,51.432351316240805,400.7361660607266,0.2707676797707612,0.9724348863174751,1.0
4280.0,71.33333333333333,52.08354160627783,408.2026699601872,0.2758126148379643,0.9724348863174751,1.0
4300.0,71.66666666666667,52.73473189631484,415.6691738596478,0.2808575499051674,0.9724348863174751,1.0
4320.0,72.0,53.38592218635186,423.13567775910843,0.2859024849723706,0.9724348863174751,1.0
4340.0,72.33333333333333,54.037112476388884,430.60218165856907,0.2909474200395737,0.9724348863174751,1.0
4360.0,72.66666666666667,54.688302766425906,438.06868555802964,0.2959923551067768,0.9724348863174751,1.0
4380.0,73.0,55.33949305646293,445.5351894574902,0.3010372901739799,0.9724348863174751,1.0
4400.0,73.33333333333333,55.99068334649995,453.0016933569509,0.30608222524118306,0.9724348863174751,1.0
4420.0,73.66666666666667,56.64187363653697,460.4681972564115,0.31112716030838616,0.9724348863174751,1.0
4440.0,74.0,57.29306392657399,467.93470115587206,0.3161720953755892,0.9724348863174751,1.0
4460.0,74.33333333333333,57.94425421661102,475.40120505533275,0.3212170304427924,0.9724348863174751,1.0
4480.0,74.66666666666667,58.59544450664804,482.86770895479333,0.3262619655099955,0.9724348863174751,1.0
4500.0,75.0,59.24663479668506,490.3342128542539,0.3313069005771986,0.9724348863174751,1.0
4520.0,75.33333333333333,59.89782508672209,497.8007167537146,0.33635183564440174,0.9724348863174751,1.0
4540.0,75.66666666666667,60.54901537675911,505.2672206531752,0.34139677071160485,0.9724348863174751,1.0
4560.0,76.0,61.20020566679613,512.7337245526357,0.34644170577880795,0.9724348863174751,1.0
4580.0,76.33333333333333,61.85139595683314,520.2002284520963,0.35148664084601106,0.9724348863174751,1.0
4600.0,76.66666666666667,62.50258624687016,527.6667323515569,0.3565315759132141,0.9724348863174751,1.0
4620.0,77.0,63.15377653690719,535.1332362510176,0.36157651098041727,0.9724348863174751,1.0
4640.0,77.33333333333333,63.8049668269442,542.5997401504782,0.36662144604762037,0.9724348863174751,1.0
4660.0,77.66666666666667,64.45615711698122,550.0662440499387,0.3716663811148235,0.9724348863174751,1.0
4680.0,78.0,65.10734740701825,557.5327479493994,0.37671131618202663,0.9724348863174751,1.0
4700.0,78.33333333333333,65.75853769705527,564.99925184886,0.38175625124922974,0.9724348863174751,1.0
4720.0,78.66666666666667,66.4097279870923,572.4657557483207,0.3868011863164329,0.9724348863174751,1.0
4740.0,79.0,67.06091827712932,579.9322596477813,0.391846121383636,0.9724348863174751,1.0
4760.0,79.33333333333333,67.71210856716634,587.3987635472419,0.3968910564508391,0.9724348863174751,1.0
4780.0,79.66666666666667,68.36329885720336,594.8652674467025,0.40193599151804227,0.9724348863174751,1.0
4800.0,80.0,69.01448914724038,602.3317713461631,0.4069809265852454,0.9724348863174751,1.0
4820.0,80.33333333333333,69.6656794372774,609.7982752456237,0.4120258616524484,0.9724348863174751,1.0
4840.0,80.66666666666667,70.31686972731443,617.2647791450843,0.4170707967196515,0.9724348863174751,1.0
4860.0,81.0,70.96806001735145,624.731283044545,0.4221157317868547,0.9724348863174751,1.0
4880.0,81.33333333333333,71.61925030738847,632.1977869440055,0.4271606668540578,0.9724348863174751,1.0
4900.0,81.66666666666667,72.27044059742549,639.6642908434661,0.4322056019212609,0.9724348863174751,1.0
4920.0,82.0,72.92163088746251,647.1307947429267,0.437250536988464,0.9724348863174751,1.0
4940.0,82.33333333333333,73.57282117749953,654.5972986423874,0.44229547205566716,0.9724348863174751,1.0
4960.0,82.66666666666667,74.22401146753654,662.063802541848,0.44734040712287026,0.9724348863174751,1.0
4980.0,83.0,74.87520175757356,669.5303064413085,0.4523853421900733,0.9724348863174751,1.0
5000.0,83.33333333333333,75.52639204761059,676.9968103407691,0.4574302772572764,0.9724348863174751,1.0
5020.0,83.66666666666667,76.17758233764762,684.4633142402298,0.4624752123244796,0.9724348863174751,1.0
5040.0,84.0,76.82877262768463,691.9298181396904,0.4675201473916827,0.9724348863174751,1.0
5060.0,84.33333333333333,77.47996291772166,699.3963220391511,0.47256508245888584,0.9724348863174751,1.0
5080.0,84.66666666666667,78.13115320775869,706.8628259386116,0.47761001752608895,0.9724348863174751,1.0
5100.0,85.0,78.78234349779571,714.3293298380723,0.4826549525932921,0.9724348863174751,1.0
5120.0,85.33333333333333,79.43353378783273,721.7958337375329,0.4876998876604952,0.9724348863174751,1.0
5140.0,85.66666666666667,80.08472407786975,729.2623376369935,0.4927448227276983,0.9724348863174751,1.0
5160.0,86.0,80.73591436790677,736.7288415364541,0.4977897577949014,0.9724348863174751,1.0
5180.0,86.33333333333333,81.3871046579438,744.1953454359148,0.5028346928621046,0.9724348863174751,1.0
5200.0,86.66666666666667,82.03829494798082,751.6618493353753,0.5078796279293076,0.9724348863174751,1.0
5220.0,87.0,82.68948523801784,759.1283532348359,0.5129245629965108,0.9724348863174751,1.0
5240.0,87.33333333333333,83.34067552805485,766.5948571342965,0.5179694980637138,0.9724348863174751,1.0
5260.0,87.66666666666667,83.99186581809187,774.0613610337572,0.523014433130917,0.9724348863174751,1.0
5280.0,88.0,84.64305610812889,781.5278649332178,0.5280593681981202,0.9724348863174751,1.0
5300.0,88.33333333333333,85.29424639816591,788.9943688326783,0.5331043032653232,0.9724348863174751,1.0
5320.0,88.66666666666667,85.94543668820293,796.4608727321389,0.5381492383325263,0.9724348863174751,1.0
5340.0,89.0,86.59662697823995,803.9273766315996,0.5431941733997294,0.9724348863174751,1.0
5360.0,89.33333333333333,87.24781726827698,811.3938805310602,0.5482391084669326,0.9724348863174751,1.0
5380.0,89.66666666666667,87.899007558314,818.8603844305208,0.5532840435341356,0.9724348863174751,1.0
5400.0,90.0,88.55019784835102,826.3268883299813,0.5583289786013388,0.9724348863174751,1.0
5420.0,90.33333333333333,89.20138813838804,833.793392229442,0.563373913668542,0.9724348863174751,1.0
5440.0,90.66666666666667,89.85257842842506,841.2598961289026,0.568418848735745,0.9724348863174751,1.0
5460.0,91.0,90.5037687184621,848.7264000283633,0.5734637838029482,0.9724348863174751,1.0
5480.0,91.33333333333333,91.15495900849912,856.1929039278239,0.5785087188701512,0.9724348863174751,1.0
5500.0,91.66666666666667,91.80614929853613,863.6594078272844,0.5835536539373544,0.9724348863174751,1.0
5520.0,92.0,92.45733958857316,871.1259117267451,0.5885985890045575,0.9724348863174751,1.0
5540.0,92.33333333333333,93.10852987861018,878.5924156262057,0.5936435240717606,0.9724348863174751,1.0
5560.0,92.66666666666667,93.75972016864719,886.0589195256663,0.5986884591389637,0.9724348863174751,1.0
5580.0,93.0,94.41091045868421,893.5254234251269,0.6037333942061668,0.9724348863174751,1.0
5600.0,93.33333333333333,95.06210074872124,900.9919273245874,0.60877832927337,0.9724348863174751,1.0
5620.0,93.66666666666667,95.71329103875827,908.4584312240481,0.6138232643405731,0.9724348863174751,1.0
5640.0,94.0,96.36448132879529,915.9249351235088,0.6188681994077763,0.9724348863174751,1.0
5660.0,94.33333333333333,97.01567161883231,923.3914390229694,0.6239131344749793,0.9724348863174751,1.0
5680.0,94.66666666666667,97.66686190886934,930.85794292243,0.6289580695421824,0.9724348863174751,1.0
5700.0,95.0,98.31805219890636,938.3244468218905,0.6340030046093855,0.9724348863174751,1.0
5720.0,95.33333333333333,98.96924248894335,945.7909507213511,0.6390479396765886,0.9724348863174751,1.0
5740.0,95.66666666666667,99.62043277898037,953.2574546208117,0.6440928747437917,0.9724348863174751,1.0
5760.0,96.0,100.2716230690174,960.7239585202723,0.6491378098109948,0.9724348863174751,1.0
5780.0,96.33333333333333,100.92281335905444,968.1904624197331,0.654182744878198,0.9724348863174751,1.0
5800.0,96.66666666666667,101.57400364909147,975.6569663191937,0.6592276799454011,0.9724348863174751,1.0
5820.0,97.0,102.22519393912849,983.1234702186542,0.6642726150126043,0.9724348863174751,1.0
5840.0,97.33333333333333,102.87638422916548,990.5899741181148,0.6693175500798073,0.9724348863174751,1.0
5860.0,97.66666666666667,103.5275745192025,998.0564780175754,0.6743624851470104,0.9724348863174751,1.0
5880.0,98.0,104.17876480923954,1005.5229819170361,0.6794074202142135,0.9724348863174751,1.0
5900.0,98.33333333333333,104.82995509927656,1012.9894858164967,0.6844523552814167,0.9724348863174751,1.0
5920.0,98.66666666666667,105.48114538931357,1020.4559897159572,0.6894972903486197,0.9724348863174751,1.0
5940.0,99.0,106.13233567935059,1027.9224936154178,0.6945422254158229,0.9724348863174751,1.0
5960.0,99.33333333333333,106.78352596938761,1035.3889975148784,0.6995871604830259,0.9724348863174751,1.0
5980.0,99.66666666666667,107.43471625942463,1042.855501414339,0.704632095550229,0.9724348863174751,1.0
6000.0,100.0,108.08590654946167,1050.3220053137998,0.7096770306174323,0.9724348863174751,1.0
6020.0,100.33333333333333,108.73709683949869,1057.7885092132603,0.7147219656846354,0.9724348863174751,1.0
6040.0,100.66666666666667,109.38828712953571,1065.255013112721,0.7197669007518385,0.9724348863174751,1.0
6060.0,101.0,110.03947741957272,1072.7215170121815,0.7248118358190415,0.9724348863174751,1.0
6080.0,101.33333333333333,110.69066770960974,1080.188020911642,0.7298567708862447,0.9724348863174751,1.0
6100.0,101.66666666666667,111.34185799964678,1087.6545248111029,0.7349017059534478,0.9724348863174751,1.0
6120.0,102.0,111.9930482896838,1095.1210287105635,0.739946641020651,0.9724348863174751,1.0
6140.0,102.33333333333333,112.64423857972082,1102.587532610024,0.744991576087854,0.9724348863174751,1.0
6160.0,102.66666666666667,113.29542886975784,1110.0540365094846,0.7500365111550572,0.9724348863174751,1.0
6180.0,103.0,113.94661915979486,1117.5205404089452,0.7550814462222603,0.9724348863174751,1.0
6200.0,103.33333333333333,114.59780944983189,1124.9870443084058,0.7601263812894633,0.9724348863174751,1.0
6220.0,103.66666666666667,115.24899973986888,1132.4535482078663,0.7651713163566665,0.9724348863174751,1.0
6240.0,104.0,115.9001900299059,1139.920052107327,0.7702162514238695,0.9724348863174751,1.0
6260.0,104.33333333333333,116.55138031994295,1147.3865560067877,0.7752611864910728,0.9724348863174751,1.0
6280.0,104.66666666666667,117.20257060997996,1154.8530599062483,0.7803061215582758,0.9724348863174751,1.0
6300.0,105.0,117.85376090001698,1162.3195638057089,0.785351056625479,0.9724348863174751,1.0
6320.0,105.33333333333333,118.504951190054,1169.7860677051694,0.790395991692682,0.9724348863174751,1.0
6340.0,105.66666666666667,119.15614148009102,1177.25257160463,0.7954409267598852,0.9724348863174751,1.0
6360.0,106.0,119.80733177012803,1184.7190755040906,0.8004858618270883,0.9724348863174751,1.0
6380.0,106.33333333333333,120.45852206016505,1192.1855794035512,0.8055307968942913,0.9724348863174751,1.0
6400.0,106.66666666666667,121.10971235020207,1199.6520833030118,0.8105757319614945,0.9724348863174751,1.0
6420.0,107.0,121.76090264023911,1207.1185872024726,0.8156206670286976,0.9724348863174751,1.0
6440.0,107.33333333333333,122.41209293027613,1214.5850911019331,0.8206656020959008,0.9724348863174751,1.0
6460.0,107.66666666666667,123.06328322031315,1222.0515950013937,0.8257105371631038,0.9724348863174751,1.0
6480.0,108.0,123.71447351035017,1229.5180989008543,0.830755472230307,0.9724348863174751,1.0
6500.0,108.33333333333333,124.3656638003872,1236.9846028003149,0.83580040729751,0.9724348863174751,1.0
6520.0,108.66666666666667,125.0168540904242,1244.4511066997754,0.8408453423647131,0.9724348863174751,1.0
6540.0,109.0,125.66804438046123,1251.917610599236,0.8458902774319162,0.9724348863174751,1.0
6560.0,109.33333333333333,126.31923467049825,1259.3841144986966,0.8509352124991193,0.9724348863174751,1.0
6580.0,109.66666666666667,126.97042496053528,1266.8506183981574,0.8559801475663226,0.9724348863174751,1.0
6600.0,110.0,127.6216152505723,1274.317122297618,0.8610250826335256,0.9724348863174751,1.0
6620.0,110.33333333333333,128.2728055406093,1281.7836261970785,0.8660700177007288,0.9724348863174751,1.0
6640.0,110.66666666666667,128.92399583064633,1289.2501300965391,0.8711149527679318,0.9724348863174751,1.0
6660.0,111.0,129.57518612068336,1296.7166339959997,0.876159887835135,0.9724348863174751,1.0
6680.0,111.33333333333333,130.22637641072038,1304.1831378954603,0.881204822902338,0.9724348863174751,1.0
6700.0,111.66666666666667,130.8775667007574,1311.6496417949209,0.8862497579695411,0.9724348863174751,1.0
6720.0,112.0,131.52875699079442,1319.1161456943814,0.8912946930367442,0.9724348863174751,1.0
6740.0,112.33333333333333,132.17994728083144,1326.5826495938422,0.8963396281039474,0.9724348863174751,1.0
6760.0,112.66666666666667,132.83113757086846,1334.0491534933028,0.9013845631711506,0.9724348863174751,1.0
6780.0,113.0,133.48232786090549,1341.5156573927634,0.9064294982383536,0.9724348863174751,1.0
6800.0,113.33333333333333,134.1335181509425,1348.982161292224,0.9114744333055568,0.9724348863174751,1.0
6820.0,113.66666666666667,134.7847084409795,1356.4486651916845,0.9165193683727598,0.9724348863174751,1.0
6840.0,114.0,135.43589873101652,1363.9151690911451,0.9215643034399629,0.9724348863174751,1.0
6860.0,114.33333333333333,136.08708902105354,1371.3816729906057,0.926609238507166,0.9724348863174751,1.0
6880.0,114.66666666666667,136.73827931109057,1378.8481768900663,0.9316541735743691,0.9724348863174751,1.0
6900.0,115.0,137.38946960112762,1386.314680789527,0.9366991086415724,0.9724348863174751,1.0
6920.0,115.33333333333333,138.04065989116464,1393.7811846889877,0.9417440437087754,0.9724348863174751,1.0
6940.0,115.66666666666667,138.69185018120166,1401.2476885884482,0.9467889787759786,0.9724348863174751,1.0
6960.0,116.0,139.34304047123868,1408.7141924879088,0.9518339138431816,0.9724348863174751,1.0
6980.0,116.33333333333333,139.99423076127567,1416.1806963873694,0.9568788489103848,0.9724348863174751,1.0
7000.0,116.66666666666667,140.64542105131272,1423.6472002868302,0.9619237839775879,0.9724348863174751,1.0
7020.0,117.0,141.29661134134975,1431.1137041862908,0.9669687190447911,0.9724348863174751,1.0
7040.0,117.33333333333333,141.94780163138677,1438.5802080857513,0.9720136541119941,0.9724348863174751,1.0
7060.0,117.66666666666667,142.5989919214238,1446.046711985212,0.9770585891791972,0.9724348863174751,1.0
7080.0,118.0,143.2501822114608,1453.5132158846725,0.9821035242464004,0.9724348863174751,1.0
7100.0,118.33333333333333,143.90137250149783,1460.979719784133,0.9871484593136034,0.9724348863174751,1.0
7120.0,118.66666666666667,144.55256279153485,1468.4462236835939,0.9921933943808067,0.9724348863174751,1.0
7140.0,119.0,145.20375308157188,1475.9127275830544,0.9972383294480097,0.9724348863174751,1.0
7160.0,119.33333333333333,139.6393949867675,1412.112173354136,0.9541298468609027,410.16766047452074,2.0
7180.0,119.66666666666667,126.5571620139019,1262.112173354136,0.8527784955095514,410.16766047452074,2.0
7200.0,120.0,113.47492904103629,1112.112173354136,0.7514271441582,410.16766047452074,2.0
7220.0,120.33333333333333,100.39269606817068,962.1121733541361,0.6500757928068487,410.16766047452074,2.0
7240.0,120.66666666666667,87.31046309530508,812.1121733541361,0.5487244414554974,410.16766047452074,2.0
7260.0,121.0,74.22823012243948,662.1121733541361,0.447373090104146,410.16766047452074,2.0
7280.0,121.33333333333333,61.14599714957387,512.112173354136,0.34602173875279457,410.16766047452074,2.0
7300.0,121.66666666666667,48.063764176708254,362.11217335413585,0.24467038740144315,410.16766047452074,2.0
7320.0,122.0,34.98153120384267,212.11217335413608,0.14331903605009194,410.16766047452074,2.0
7340.0,122.33333333333333,32.47291959791289,183.3486020532772,0.12388419057653866,0.9724348863174751,1.0
7360.0,122.66666666666667,33.12410988794991,190.8151059527378,0.12892912564374176,0.9724348863174751,1.0
7380.0,123.0,33.775300177986935,198.28160985219841,0.13397406071094486,0.9724348863174751,1.0
7400.0,123.33333333333333,34.42649046802396,205.74811375165905,0.139018995778148,0.9724348863174751,1.0
7420.0,123.66666666666667,35.07768075806098,213.21461765111965,0.14406393084535113,0.9724348863174751,1.0
7440.0,124.0,35.728871048098,220.68112155058026,0.14910886591255423,0.9724348863174751,1.0
7460.0,124.33333333333333,36.38006133813502,228.14762545004086,0.15415380097975734,0.9724348863174751,1.0
7480.0,124.66666666666667,37.03125162817204,235.61412934950147,0.15919873604696044,0.9724348863174751,1.0
7500.0,125.0,37.682441918209065,243.0806332489621,0.16424367111416358,0.9724348863174751,1.0
7520.0,125.33333333333333,38.33363220824608,250.54713714842268,0.16928860618136668,0.9724348863174751,1.0
7540.0,125.66666666666667,38.98482249828311,258.0136410478833,0.1743335412485698,0.9724348863174751,1.0
7560.0,126.0,39.63601278832012,265.4801449473439,0.1793784763157729,0.9724348863174751,1.0
7580.0,126.33333333333333,40.28720307835715,272.9466488468045,0.18442341138297602,0.9724348863174751,1.0
7600.0,126.66666666666667,40.93839336839417,280.41315274626515,0.18946834645017915,0.9724348863174751,1.0
7620.0,127.0,41.58958365843119,287.87965664572573,0.19451328151738226,0.9724348863174751,1.0
7640.0,127.33333333333333,42.24077394846821,295.34616054518636,0.1995582165845854,0.9724348863174751,1.0
7660.0,127.66666666666667,42.89196423850523,302.812664444647,0.20460315165178852,0.9724348863174751,1.0
7680.0,128.0,43.54315452854225,310.2791683441076,0.2096480867189916,0.9724348863174751,1.0
7700.0,128.33333333333334,44.194344818579275,317.74567224356815,0.2146930217861947,0.9724348863174751,1.0
7720.0,128.66666666666666,44.845535108616296,325.2121761430288,0.21973795685339784,0.9724348863174751,1.0
7740.0,129.0,45.49672539865332,332.6786800424894,0.22478289192060097,0.9724348863174751,1.0
7760.0,129.33333333333334,46.14791568869034,340.14518394195,0.22982782698780405,0.9724348863174751,1.0
7780.0,129.66666666666666,46.79910597872737,347.6116878414107,0.2348727620550072,0.9724348863174751,1.0
7800.0,130.0,47.45029626876438,355.07819174087126,0.2399176971222103,0.9724348863174751,1.0
7820.0,130.33333333333334,48.101486558801405,362.54469564033184,0.24496263218941342,0.9724348863174751,1.0
7840.0,130.66666666666666,48.75267684883842,370.0111995397924,0.2500075672566165,0.9724348863174751,1.0
7860.0,131.0,49.403867138875455,377.4777034392531,0.25505250232381965,0.9724348863174751,1.0
7880.0,131.33333333333334,50.05505742891246,384.9442073387137,0.26009743739102276,0.9724348863174751,1.0
7900.0,131.66666666666666,50.70624771894949,392.4107112381743,0.26514237245822586,0.9724348863174751,1.0
7920.0,132.0,51.357438008986506,399.8772151376349,0.27018730752542897,0.9724348863174751,1.0
7940.0,132.33333333333334,52.008628299023535,407.3437190370955,0.2752322425926321,0.9724348863174751,1.0
7960.0,132.66666666666666,52.65981858906055,414.8102229365561,0.28027717765983523,0.9724348863174751,1.0
7980.0,133.0,53.31100887909757,422.27672683601673,0.28532211272703834,0.9724348863174751,1.0
8000.0,133.33333333333334,53.9621991691346,429.74323073547737,0.29036704779424144,0.9724348863174751,1.0
8020.0,133.66666666666666,54.613389459171614,437.20973463493794,0.29541198286144454,0.9724348863174751,1.0
8040.0,134.0,55.264579749208636,444.6762385343985,0.30045691792864765,0.9724348863174751,1.0
8060.0,134.33333333333334,55.915770039245665,452.1427424338592,0.3055018529958508,0.9724348863174751,1.0
8080.0,134.66666666666666,56.566960329282686,459.6092463333198,0.3105467880630539,0.9724348863174751,1.0
8100.0,135.0,57.218150619319694,467.07575023278036,0.315591723130257,0.9724348863174751,1.0
8120.0,135.33333333333334,57.869340909356715,474.54225413224094,0.3206366581974601,0.9724348863174751,1.0
8140.0,135.66666666666666,58.520531199393744,482.00875803170163,0.3256815932646633,0.9724348863174751,1.0
8160.0,136.0,59.171721489430766,489.4752619311622,0.33072652833186633,0.9724348863174751,1.0
8180.0,136.33333333333334,59.8229117794678,496.9417658306229,0.33577146339906955,0.9724348863174751,1.0
8200.0,136.66666666666666,60.47410206950481,504.4082697300835,0.3408163984662726,0.9724348863174751,1.0
8220.0,137.0,61.12529235954183,511.87477362954405,0.3458613335334757,0.9724348863174751,1.0
8240.0,137.33333333333334,61.77648264957886,519.3412775290047,0.35090626860067886,0.9724348863174751,1.0
8260.0,137.66666666666666,62.42767293961588,526.8077814284653,0.35595120366788197,0.9724348863174751,1.0
8280.0,138.0,63.078863229652896,534.2742853279259,0.36099613873508507,0.9724348863174751,1.0
8300.0,138.33333333333334,63.73005351968992,541.7407892273865,0.3660410738022882,0.9724348863174751,1.0
8320.0,138.66666666666666,64.38124380972694,549.2072931268472,0.37108600886949134,0.9724348863174751,1.0
8340.0,139.0,65.03243409976396,556.6737970263077,0.37613094393669444,0.9724348863174751,1.0
8360.0,139.33333333333334,65.68362438980098,564.1403009257683,0.3811758790038975,0.9724348863174751,1.0
8380.0,139.66666666666666,66.334814679838,571.6068048252289,0.3862208140711006,0.9724348863174751,1.0
8400.0,140.0,66.98600496987503,579.0733087246896,0.39126574913830375,0.9724348863174751,1.0
8420.0,140.33333333333334,67.63719525991205,586.5398126241502,0.39631068420550686,0.9724348863174751,1.0
8440.0,140.66666666666666,68.28838554994907,594.0063165236107,0.40135561927270996,0.9724348863174751,1.0
8460.0,141.0,68.93957583998609,601.4728204230713,0.40640055433991307,0.9724348863174751,1.0
8480.0,141.33333333333334,69.59076613002311,608.939324322532,0.4114454894071162,0.9724348863174751,1.0
8500.0,141.66666666666666,70.24195642006012,616.4058282219926,0.41649042447431933,0.9724348863174751,1.0
8520.0,142.0,70.89314671009714,623.8723321214532,0.4215353595415224,0.9724348863174751,1.0
8540.0,142.33333333333334,71.54433700013418,631.3388360209138,0.4265802946087256,0.9724348863174751,1.0
8560.0,142.66666666666666,72.1955272901712,638.8053399203744,0.43162522967592865,0.9724348863174751,1.0
8580.0,143.0,72.8467175802082,646.271843819835,0.43667016474313175,0.9724348863174751,1.0
8600.0,143.33333333333334,73.49790787024524,653.7383477192957,0.4417150998103349,0.9724348863174751,1.0
8620.0,143.66666666666666,74.14909816028226,661.2048516187563,0.446760034877538,0.9724348863174751,1.0
8640.0,144.0,74.80028845031929,668.6713555182168,0.4518049699447411,0.9724348863174751,1.0
8660.0,144.33333333333334,75.45147874035631,676.1378594176775,0.4568499050119443,0.9724348863174751,1.0
8680.0,144.66666666666666,76.10266903039333,683.6043633171381,0.4618948400791474,0.9724348863174751,1.0
8700.0,145.0,76.75385932043035,691.0708672165987,0.4669397751463505,0.9724348863174751,1.0
8720.0,145.33333333333334,77.40504961046737,698.5373711160594,0.47198471021355365,0.9724348863174751,1.0
8740.0,145.66666666666666,78.0562399005044,706.00387501552,0.4770296452807567,0.9724348863174751,1.0
8760.0,146.0,78.70743019054142,713.4703789149805,0.4820745803479598,0.9724348863174751,1.0
8780.0,146.33333333333334,79.35862048057842,720.9368828144411,0.4871195154151629,0.9724348863174751,1.0
8800.0,146.66666666666666,80.00981077061546,728.4033867139018,0.49216445048236607,0.9724348863174751,1.0
8820.0,147.0,80.66100106065247,735.8698906133624,0.49720938554956917,0.9724348863174751,1.0
8840.0,147.33333333333334,81.31219135068949,743.336394512823,0.5022543206167722,0.9724348863174751,1.0
8860.0,147.66666666666666,81.96338164072651,750.8028984122835,0.5072992556839754,0.9724348863174751,1.0
8880.0,148.0,82.61457193076353,758.2694023117442,0.5123441907511785,0.9724348863174751,1.0
8900.0,148.33333333333334,83.26576222080055,765.7359062112048,0.5173891258183816,0.9724348863174751,1.0
8920.0,148.66666666666666,83.91695251083758,773.2024101106655,0.5224340608855848,0.9724348863174751,1.0
8940.0,149.0,84.5681428008746,780.6689140101261,0.5274789959527879,0.9724348863174751,1.0
8960.0,149.33333333333334,85.21933309091162,788.1354179095866,0.532523931019991,0.9724348863174751,1.0
8980.0,149.66666666666666,85.87052338094864,795.6019218090473,0.5375688660871941,0.9724348863174751,1.0
9000.0,150.0,86.52171367098566,803.0684257085079,0.5426138011543973,0.9724348863174751,1.0
9020.0,150.33333333333334,87.17290396102268,810.5349296079685,0.5476587362216003,0.9724348863174751,1.0
9040.0,150.66666666666666,87.8240942510597,818.0014335074292,0.5527036712888035,0.9724348863174751,1.0
9060.0,151.0,88.47528454109673,825.4679374068897,0.5577486063560065,0.9724348863174751,1.0
9080.0,151.33333333333334,89.12647483113376,832.9344413063504,0.5627935414232098,0.9724348863174751,1.0
9100.0,151.66666666666666,89.77766512117078,840.400945205811,0.5678384764904129,0.9724348863174751,1.0
9120.0,152.0,90.42885541120779,847.8674491052716,0.5728834115576159,0.9724348863174751,1.0
9140.0,152.33333333333334,91.08004570124481,855.3339530047322,0.5779283466248191,0.9724348863174751,1.0
9160.0,152.66666666666666,91.73123599128184,862.8004569041927,0.5829732816920221,0.9724348863174751,1.0
9180.0,153.0,92.38242628131886,870.2669608036533,0.5880182167592252,0.9724348863174751,1.0
9200.0,153.33333333333334,93.03361657135588,877.7334647031139,0.5930631518264283,0.9724348863174751,1.0
9220.0,153.66666666666666,93.68480686139289,885.1999686025745,0.5981080868936314,0.9724348863174751,1.0
9240.0,154.0,94.33599715142994,892.6664725020353,0.6031530219608346,0.9724348863174751,1.0
9260.0,154.33333333333334,94.98718744146696,900.1329764014959,0.6081979570280377,0.9724348863174751,1.0
9280.0,154.66666666666666,95.63837773150395,907.5994803009564,0.6132428920952409,0.9724348863174751,1.0
9300.0,155.0,96.28956802154097,915.065984200417,0.6182878271624439,0.9724348863174751,1.0
9320.0,155.33333333333334,96.940758311578,922.5324880998776,0.6233327622296471,0.9724348863174751,1.0
9340.0,155.66666666666666,97.59194860161502,929.9989919993383,0.6283776972968502,0.9724348863174751,1.0
9360.0,156.0,98.24313889165204,937.4654958987988,0.6334226323640533,0.9724348863174751,1.0
9380.0,156.33333333333334,98.89432918168906,944.9319997982594,0.6384675674312563,0.9724348863174751,1.0
9400.0,156.66666666666666,99.5455194717261,952.3985036977201,0.6435125024984596,0.9724348863174751,1.0
9420.0,157.0,100.1967097617631,959.8650075971807,0.6485574375656626,0.9724348863174751,1.0
9440.0,157.33333333333334,100.84790005180014,967.3315114966414,0.6536023726328658,0.9724348863174751,1.0
9460.0,157.66666666666666,101.49909034183716,974.798015396102,0.6586473077000689,0.9724348863174751,1.0
9480.0,158.0,102.15028063187418,982.2645192955625,0.663692242767272,0.9724348863174751,1.0
9500.0,158.33333333333334,102.8014709219112,989.7310231950231,0.6687371778344751,0.9724348863174751,1.0
9520.0,158.66666666666666,103.45266121194823,997.1975270944837,0.6737821129016782,0.9724348863174751,1.0
9540.0,159.0,104.10385150198523,1004.6640309939443,0.6788270479688813,0.9724348863174751,1.0
9560.0,159.33333333333334,104.75504179202227,1012.1305348934051,0.6838719830360845,0.9724348863174751,1.0
9580.0,159.66666666666666,105.40623208205929,1019.5970387928656,0.6889169181032876,0.9724348863174751,1.0
9600.0,160.0,106.05742237209631,1027.063542692326,0.6939618531704906,0.9724348863174751,1.0
9620.0,160.33333333333334,106.70861266213332,1034.5300465917867,0.6990067882376937,0.9724348863174751,1.0
9640.0,160.66666666666666,107.35980295217034,1041.9965504912473,0.7040517233048968,0.9724348863174751,1.0
9660.0,161.0,108.01099324220736,1049.4630543907078,0.7090966583720999,0.9724348863174751,1.0
9680.0,161.33333333333334,108.66218353224437,1056.9295582901684,0.714141593439303,0.9724348863174751,1.0
9700.0,161.66666666666666,109.31337382228142,1064.3960621896292,0.7191865285065062,0.9724348863174751,1.0
9720.0,162.0,109.96456411231844,1071.8625660890898,0.7242314635737093,0.9724348863174751,1.0
9740.0,162.33333333333334,110.61575440235546,1079.3290699885504,0.7292763986409124,0.9724348863174751,1.0
9760.0,162.66666666666666,111.26694469239246,1086.795573888011,0.7343213337081155,0.9724348863174751,1.0
9780.0,163.0,111.91813498242948,1094.2620777874715,0.7393662687753186,0.9724348863174751,1.0
9800.0,163.33333333333334,112.5693252724665,1101.728581686932,0.7444112038425217,0.9724348863174751,1.0
9820.0,163.66666666666666,113.22051556250354,1109.195085586393,0.749456138909725,0.9724348863174751,1.0
9840.0,164.0,113.87170585254056,1116.6615894858535,0.754501073976928,0.9724348863174751,1.0
9860.0,164.33333333333334,114.52289614257758,1124.128093385314,0.7595460090441312,0.9724348863174751,1.0
9880.0,164.66666666666666,115.1740864326146,1131.5945972847746,0.7645909441113342,0.9724348863174751,1.0
9900.0,165.0,115.82527672265162,1139.0611011842352,0.7696358791785373,0.9724348863174751,1.0
9920.0,165.33333333333334,116.47646701268864,1146.527605083696,0.7746808142457405,0.9724348863174751,1.0
9940.0,165.66666666666666,117.12765730272567,1153.9941089831566,0.7797257493129437,0.9724348863174751,1.0
9960.0,166.0,117.77884759276269,1161.4606128826172,0.7847706843801467,0.9724348863174751,1.0
9980.0,166.33333333333334,118.43003788279971,1168.9271167820777,0.7898156194473498,0.9724348863174751,1.0
10000.0,166.66666666666666,119.08122817283673,1176.3936206815383,0.794860554514553,0.9724348863174751,1.0
10020.0,167.0,119.73241846287375,1183.860124580999,0.799905489581756,0.9724348863174751,1.0
10040.0,167.33333333333334,120.38360875291079,1191.3266284804597,0.8049504246489593,0.9724348863174751,1.0
10060.0,167.66666666666666,121.03479904294781,1198.7931323799203,0.8099953597161623,0.9724348863174751,1.0
10080.0,168.0,121.6859893329848,1206.2596362793806,0.8150402947833653,0.9724348863174751,1.0
10100.0,168.33333333333334,122.33717962302184,1213.7261401788414,0.8200852298505685,0.9724348863174751,1.0
10120.0,168.66666666666666,122.98836991305886,1221.192644078302,0.8251301649177716,0.9724348863174751,1.0
10140.0,169.0,123.63956020309588,1228.6591479777626,0.8301750999849747,0.9724348863174751,1.0
10160.0,169.33333333333334,124.2907504931329,1236.1256518772232,0.8352200350521778,0.9724348863174751,1.0
10180.0,169.66666666666666,124.94194078316993,1243.5921557766837,0.840264970119381,0.9724348863174751,1.0
10200.0,170.0,125.59313107320696,1251.0586596761445,0.8453099051865841,0.9724348863174751,1.0
10220.0,170.33333333333334,126.24432136324397,1258.5251635756051,0.8503548402537873,0.9724348863174751,1.0
10240.0,170.66666666666666,126.89551165328099,1265.9916674750657,0.8553997753209903,0.9724348863174751,1.0
10260.0,171.0,127.54670194331801,1273.4581713745263,0.8604447103881935,0.9724348863174751,1.0
10280.0,171.33333333333334,128.19789223335502,1280.9246752739868,0.8654896454553965,0.9724348863174751,1.0
10300.0,171.66666666666666,128.84908252339204,1288.3911791734474,0.8705345805225996,0.9724348863174751,1.0
10320.0,172.0,129.50027281342906,1295.857683072908,0.8755795155898027,0.9724348863174751,1.0
10340.0,172.33333333333334,130.15146310346609,1303.3241869723686,0.8806244506570058,0.9724348863174751,1.0
10360.0,172.66666666666666,130.80265339350314,1310.7906908718294,0.8856693857242091,0.9724348863174751,1.0
10380.0,173.0,131.45384368354013,1318.25719477129,0.8907143207914121,0.9724348863174751,1.0
10400.0,173.33333333333334,132.10503397357715,1325.7236986707505,0.8957592558586153,0.9724348863174751,1.0
10420.0,173.66666666666666,132.75622426361417,1333.190202570211,0.9008041909258183,0.9724348863174751,1.0
10440.0,174.0,133.4074145536512,1340.6567064696717,0.9058491259930214,0.9724348863174751,1.0
10460.0,174.33333333333334,134.05860484368822,1348.1232103691323,0.9108940610602245,0.9724348863174751,1.0
10480.0,174.66666666666666,134.70979513372524,1355.5897142685928,0.9159389961274276,0.9724348863174751,1.0
10500.0,175.0,135.36098542376226,1363.0562181680534,0.9209839311946307,0.9724348863174751,1.0
10520.0,175.33333333333334,136.0121757137993,1370.5227220675142,0.9260288662618339,0.9724348863174751,1.0
10540.0,175.66666666666666,136.6633660038363,1377.9892259669748,0.931073801329037,0.9724348863174751,1.0
10560.0,176.0,137.31455629387332,1385.4557298664354,0.9361187363962401,0.9724348863174751,1.0
10580.0,176.33333333333334,137.96574658391035,1392.922233765896,0.9411636714634433,0.9724348863174751,1.0
10600.0,176.66666666666666,138.61693687394737,1400.3887376653565,0.9462086065306463,0.9724348863174751,1.0
10620.0,177.0,139.2681271639844,1407.855241564817,0.9512535415978494,0.9724348863174751,1.0
10640.0,177.33333333333334,139.9193174540214,1415.3217454642777,0.9562984766650525,0.9724348863174751,1.0
10660.0,177.66666666666666,140.57050774405843,1422.7882493637385,0.9613434117322557,0.9724348863174751,1.0
10680.0,178.0,141.22169803409545,1430.254753263199,0.9663883467994588,0.9724348863174751,1.0
10700.0,178.33333333333334,141.87288832413248,1437.7212571626596,0.9714332818666619,0.9724348863174751,1.0
10720.0,178.66666666666666,142.5240786141695,1445.1877610621202,0.976478216933865,0.9724348863174751,1.0
10740.0,179.0,143.17526890420652,1452.6542649615808,0.9815231520010681,0.9724348863174751,1.0
10760.0,179.33333333333334,143.82645919424354,1460.1207688610414,0.9865680870682711,0.9724348863174751,1.0
10780.0,179.66666666666666,144.47764948428056,1467.587272760502,0.9916130221354743,0.9724348863174751,1.0
10800.0,180.0,145.12883977431758,1475.0537766599625,0.9966579572026774,0.9724348863174751,1.0
10820.0,180.33333333333334,141.14438262749658,1429.3682600312036,0.9657893648859484,410.16766047452074,2.0
10840.0,180.66666666666666,128.06214965463096,1279.3682600312036,0.864438013534597,410.16766047452074,2.0
10860.0,181.0,114.97991668176536,1129.3682600312036,0.7630866621832457,410.16766047452074,2.0
10880.0,181.33333333333334,101.89768370889975,979.3682600312036,0.6617353108318943,410.16766047452074,2.0
10900.0,181.66666666666666,88.81545073603414,829.3682600312036,0.560383959480543,410.16766047452074,2.0
10920.0,182.0,75.73321776316855,679.3682600312036,0.4590326081291916,410.16766047452074,2.0
10940.0,182.33333333333334,62.65098479030294,529.3682600312036,0.35768125677784024,410.16766047452074,2.0
10960.0,182.66666666666666,49.56875181743734,379.3682600312036,0.2563299054264889,410.16766047452074,2.0
10980.0,183.0,36.48651884457171,229.36826003120336,0.15497855407513741,410.16766047452074,2.0
11000.0,183.33333333333334,32.3980062906586,182.4896511301855,0.12330381833120642,0.9724348863174751,1.0
11020.0,183.66666666666666,33.04919658069562,189.9561550296461,0.12834875339840954,0.9724348863174751,1.0
11040.0,184.0,33.70038687073264,197.42265892910672,0.13339368846561264,0.9724348863174751,1.0
11060.0,184.33333333333334,34.351577160769665,204.88916282856735,0.13843862353281577,0.9724348863174751,1.0
11080.0,184.66666666666666,35.00276745080669,212.35566672802796,0.14348355860001888,0.9724348863174751,1.0
11100.0,185.0,35.65395774084371,219.82217062748856,0.148528493667222,0.9724348863174751,1.0
11120.0,185.33333333333334,36.30514803088073,227.28867452694917,0.15357342873442512,0.9724348863174751,1.0
11140.0,185.66666666666666,36.956338320917745,234.75517842640977,0.15861836380162822,0.9724348863174751,1.0
11160.0,186.0,37.60752861095477,242.2216823258704,0.16366329886883135,0.9724348863174751,1.0
11180.0,186.33333333333334,38.258718900991795,249.688186225331,0.16870823393603446,0.9724348863174751,1.0
11200.0,186.66666666666666,38.90990919102882,257.1546901247916,0.1737531690032376,0.9724348863174751,1.0
11220.0,187.0,39.56109948106584,264.6211940242522,0.17879810407044067,0.9724348863174751,1.0
11240.0,187.33333333333334,40.21228977110286,272.0876979237128,0.1838430391376438,0.9724348863174751,1.0
11260.0,187.66666666666666,40.86348006113988,279.55420182317346,0.18888797420484693,0.9724348863174751,1.0
11280.0,188.0,41.5146703511769,287.02070572263403,0.19393290927205004,0.9724348863174751,1.0
11300.0,188.33333333333334,42.165860641213925,294.48720962209467,0.19897784433925314,0.9724348863174751,1.0
11320.0,188.66666666666666,42.81705093125094,301.95371352155524,0.20402277940645624,0.9724348863174751,1.0
11340.0,189.0,43.46824122128796,309.4202174210159,0.20906771447365938,0.9724348863174751,1.0
11360.0,189.33333333333334,44.11943151132498,316.88672132047645,0.21411264954086248,0.9724348863174751,1.0
11380.0,189.66666666666666,44.770621801362,324.3532252199371,0.2191575846080656,0.9724348863174751,1.0
11400.0,190.0,45.42181209139903,331.8197291193977,0.22420251967526872,0.9724348863174751,1.0
11420.0,190.33333333333334,46.07300238143604,339.2862330188583,0.22924745474247182,0.9724348863174751,1.0
11440.0,190.66666666666666,46.72419267147307,346.75273691831893,0.23429238980967496,0.9724348863174751,1.0
11460.0,191.0,47.37538296151009,354.21924081777956,0.2393373248768781,0.9724348863174751,1.0
11480.0,191.33333333333334,48.02657325154711,361.68574471724014,0.24438225994408116,0.9724348863174751,1.0
11500.0,191.66666666666666,48.67776354158413,369.1522486167007,0.24942719501128427,0.9724348863174751,1.0
11520.0,192.0,49.32895383162116,376.6187525161614,0.25447213007848746,0.9724348863174751,1.0
11540.0,192.33333333333334,49.98014412165818,384.085256415622,0.2595170651456905,0.9724348863174751,1.0
11560.0,192.66666666666666,50.6313344116952,391.55176031508256,0.2645620002128936,0.9724348863174751,1.0
11580.0,193.0,51.28252470173222,399.0182642145432,0.26960693528009677,0.9724348863174751,1.0
11600.0,193.33333333333334,51.93371499176925,406.4847681140038,0.2746518703472999,0.9724348863174751,1.0
11620.0,193.66666666666666,52.584905281806265,413.9512720134644,0.279696805414503,0.9724348863174751,1.0
11640.0,194.0,53.23609557184329,421.41777591292504,0.2847417404817061,0.9724348863174751,1.0
11660.0,194.33333333333334,53.887285861880315,428.88427981238567,0.28978667554890924,0.9724348863174751,1.0
11680.0,194.66666666666666,54.53847615191734,436.35078371184625,0.29483161061611235,0.9724348863174751,1.0
11700.0,195.0,55.189666441954344,443.8172876113068,0.2998765456833154,0.9724348863174751,1.0
11720.0,195.33333333333334,55.84085673199138,451.2837915107675,0.3049214807505186,0.9724348863174751,1.0
11740.0,195.66666666666666,56.492047022028395,458.7502954102281,0.30996641581772166,0.9724348863174751,1.0
11760.0,196.0,57.14323731206541,466.21679930968867,0.31501135088492477,0.9724348863174751,1.0
11780.0,196.33333333333334,57.79442760210243,473.68330320914924,0.3200562859521279,0.9724348863174751,1.0
11800.0,196.66666666666666,58.44561789213946,481.14980710860993,0.32510122101933103,0.9724348863174751,1.0
11820.0,197.0,59.096808182176474,488.6163110080705,0.33014615608653414,0.9724348863174751,1.0
11840.0,197.33333333333334,59.747998472213496,496.0828149075311,0.33519109115373724,0.9724348863174751,1.0
11860.0,197.66666666666666,60.399188762250525,503.5493188069918,0.3402360262209404,0.9724348863174751,1.0
11880.0,198.0,61.050379052287546,511.01582270645235,0.3452809612881435,0.9724348863174751,1.0
11900.0,198.33333333333334,61.701569342324554,518.4823266059129,0.35032589635534656,0.9724348863174751,1.0
11920.0,198.66666666666666,62.352759632361575,525.9488305053735,0.35537083142254966,0.9724348863174751,1.0
11940.0,199.0,63.00394992239861,533.4153344048342,0.3604157664897528,0.9724348863174751,1.0
11960.0,199.33333333333334,63.655140212435626,540.8818383042948,0.3654607015569559,0.9724348863174751,1.0
11980.0,199.66666666666666,64.30633050247265,548.3483422037554,0.37050563662415903,0.9724348863174751,1.0
12000.0,200.0,64.95752079250967,555.814846103216,0.3755505716913622,0.9724348863174751,1.0
12020.0,200.33333333333334,65.60871108254669,563.2813500026766,0.3805955067585653,0.9724348863174751,1.0
12040.0,200.66666666666666,66.25990137258371,570.7478539021372,0.3856404418257684,0.9724348863174751,1.0
12060.0,201.0,66.91109166262073,578.2143578015979,0.39068537689297156,0.9724348863174751,1.0
12080.0,201.33333333333334,67.56228195265776,585.6808617010585,0.39573031196017466,0.9724348863174751,1.0
12100.0,201.66666666666666,68.21347224269478,593.147365600519,0.4007752470273777,0.9724348863174751,1.0
12120.0,202.0,68.86466253273181,600.6138694999797,0.4058201820945809,0.9724348863174751,1.0
12140.0,202.33333333333334,69.51585282276882,608.0803733994403,0.410865117161784,0.9724348863174751,1.0
12160.0,202.66666666666666,70.16704311280584,615.5468772989009,0.4159100522289871,0.9724348863174751,1.0
12180.0,203.0,70.81823340284286,623.0133811983616,0.42095498729619024,0.9724348863174751,1.0
12200.0,203.33333333333334,71.46942369287989,630.4798850978221,0.42599992236339335,0.9724348863174751,1.0
12220.0,203.66666666666666,72.12061398291691,637.9463889972827,0.43104485743059645,0.9724348863174751,1.0
12240.0,204.0,72.77180427295393,645.4128928967433,0.43608979249779956,0.9724348863174751,1.0
12260.0,204.33333333333334,73.42299456299095,652.879396796204,0.4411347275650027,0.9724348863174751,1.0
12280.0,204.66666666666666,74.07418485302797,660.3459006956646,0.44617966263220576,0.9724348863174751,1.0
12300.0,205.0,74.72537514306498,667.8124045951251,0.45122459769940887,0.9724348863174751,1.0
12320.0,205.33333333333334,75.376565433102,675.2789084945857,0.456269532766612,0.9724348863174751,1.0
12340.0,205.66666666666666,76.02775572313904,682.7454123940464,0.46131446783381513,0.9724348863174751,1.0
12360.0,206.0,76.67894601317604,690.211916293507,0.46635940290101824,0.9724348863174751,1.0
12380.0,206.33333333333334,77.33013630321308,697.6784201929677,0.4714043379682214,0.9724348863174751,1.0
12400.0,206.66666666666666,77.9813265932501,705.1449240924283,0.4764492730354245,0.9724348863174751,1.0
12420.0,207.0,78.63251688328712,712.6114279918888,0.4814942081026276,0.9724348863174751,1.0
12440.0,207.33333333333334,79.28370717332415,720.0779318913495,0.48653914316983077,0.9724348863174751,1.0
12460.0,207.66666666666666,79.93489746336117,727.5444357908101,0.4915840782370339,0.9724348863174751,1.0
12480.0,208.0,80.58608775339819,735.0109396902707,0.4966290133042369,0.9724348863174751,1.0
12500.0,208.33333333333334,81.23727804343521,742.4774435897314,0.5016739483714401,0.9724348863174751,1.0
12520.0,208.66666666666666,81.88846833347223,749.9439474891919,0.5067188834386432,0.9724348863174751,1.0
12540.0,209.0,82.53965862350925,757.4104513886525,0.5117638185058463,0.9724348863174751,1.0
12560.0,209.33333333333334,83.19084891354628,764.8769552881131,0.5168087535730493,0.9724348863174751,1.0
12580.0,209.66666666666666,83.8420392035833,772.3434591875738,0.5218536886402526,0.9724348863174751,1.0
12600.0,210.0,84.49322949362032,779.8099630870344,0.5268986237074557,0.9724348863174751,1.0
12620.0,210.33333333333334,85.14441978365734,787.2764669864949,0.5319435587746587,0.9724348863174751,1.0
12640.0,210.66666666666666,85.79561007369436,794.7429708859555,0.5369884938418619,0.9724348863174751,1.0
12660.0,211.0,86.44680036373138,802.2094747854162,0.542033428909065,0.9724348863174751,1.0
12680.0,211.33333333333334,87.0979906537684,809.6759786848768,0.5470783639762681,0.9724348863174751,1.0
12700.0,211.66666666666666,87.74918094380543,817.1424825843374,0.5521232990434712,0.9724348863174751,1.0
12720.0,212.0,88.40037123384245,824.6089864837979,0.5571682341106743,0.9724348863174751,1.0
12740.0,212.33333333333334,89.05156152387947,832.0754903832586,0.5622131691778774,0.9724348863174751,1.0
12760.0,212.66666666666666,89.70275181391649,839.5419942827192,0.5672581042450805,0.9724348863174751,1.0
12780.0,213.0,90.35394210395351,847.0084981821798,0.5723030393122837,0.9724348863174751,1.0
12800.0,213.33333333333334,91.00513239399054,854.4750020816405,0.5773479743794868,0.9724348863174751,1.0
12820.0,213.66666666666666,91.65632268402756,861.941505981101,0.5823929094466899,0.9724348863174751,1.0
12840.0,214.0,92.30751297406458,869.4080098805616,0.587437844513893,0.9724348863174751,1.0
12860.0,214.33333333333334,92.9587032641016,876.8745137800223,0.5924827795810962,0.9724348863174751,1.0
12880.0,214.66666666666666,93.60989355413862,884.3410176794829,0.5975277146482992,0.9724348863174751,1.0
12900.0,215.0,94.26108384417563,891.8075215789436,0.6025726497155024,0.9724348863174751,1.0
12920.0,215.33333333333334,94.91227413421265,899.2740254784042,0.6076175847827056,0.9724348863174751,1.0
12940.0,215.66666666666666,95.56346442424967,906.7405293778647,0.6126625198499086,0.9724348863174751,1.0
12960.0,216.0,96.2146547142867,914.2070332773253,0.6177074549171117,0.9724348863174751,1.0
12980.0,216.33333333333334,96.86584500432372,921.6735371767859,0.6227523899843148,0.9724348863174751,1.0
13000.0,216.66666666666666,97.51703529436074,929.1400410762465,0.6277973250515179,0.9724348863174751,1.0
13020.0,217.0,98.16822558439776,936.6065449757073,0.6328422601187211,0.9724348863174751,1.0
13040.0,217.33333333333334,98.81941587443478,944.0730488751678,0.6378871951859242,0.9724348863174751,1.0
13060.0,217.66666666666666,99.4706061644718,951.5395527746284,0.6429321302531273,0.9724348863174751,1.0
13080.0,218.0,100.12179645450883,959.006056674089,0.6479770653203304,0.9724348863174751,1.0
13100.0,218.33333333333334,100.77298674454585,966.4725605735496,0.6530220003875334,0.9724348863174751,1.0
13120.0,218.66666666666666,101.42417703458287,973.9390644730101,0.6580669354547366,0.9724348863174751,1.0
13140.0,219.0,102.07536732461989,981.4055683724707,0.6631118705219397,0.9724348863174751,1.0
13160.0,219.33333333333334,102.72655761465691,988.8720722719314,0.6681568055891428,0.9724348863174751,1.0
13180.0,219.66666666666666,103.37774790469393,996.3385761713921,0.673201740656346,0.9724348863174751,1.0
13200.0,220.0,104.02893819473096,1003.8050800708527,0.6782466757235491,0.9724348863174751,1.0
13220.0,220.33333333333334,104.68012848476798,1011.2715839703133,0.6832916107907522,0.9724348863174751,1.0
13240.0,220.66666666666666,105.331318774805,1018.7380878697738,0.6883365458579553,0.9724348863174751,1.0
13260.0,221.0,105.98250906484202,1026.2045917692344,0.6933814809251584,0.9724348863174751,1.0
13280.0,221.33333333333334,106.63369935487904,1033.671095668695,0.6984264159923614,0.9724348863174751,1.0
13300.0,221.66666666666666,107.28488964491606,1041.1375995681556,0.7034713510595646,0.9724348863174751,1.0
13320.0,222.0,107.93607993495306,1048.6041034676161,0.7085162861267676,0.9724348863174751,1.0
13340.0,222.33333333333334,108.5872702249901,1056.070607367077,0.7135612211939709,0.9724348863174751,1.0
13360.0,222.66666666666666,109.23846051502711,1063.5371112665375,0.718606156261174,0.9724348863174751,1.0
13380.0,223.0,109.88965080506414,1071.003615165998,0.7236510913283771,0.9724348863174751,1.0
13400.0,223.33333333333334,110.54084109510116,1078.4701190654587,0.7286960263955802,0.9724348863174751,1.0
13420.0,223.66666666666666,111.19203138513818,1085.9366229649193,0.7337409614627832,0.9724348863174751,1.0
13440.0,224.0,111.8432216751752,1093.4031268643798,0.7387858965299864,0.9724348863174751,1.0
13460.0,224.33333333333334,112.49441196521221,1100.8696307638404,0.7438308315971894,0.9724348863174751,1.0
13480.0,224.66666666666666,113.14560225524923,1108.336134663301,0.7488757666643926,0.9724348863174751,1.0
13500.0,225.0,113.79679254528627,1115.8026385627618,0.7539207017315958,0.9724348863174751,1.0
13520.0,225.33333333333334,114.44798283532329,1123.2691424622224,0.7589656367987989,0.9724348863174751,1.0
13540.0,225.66666666666666,115.09917312536031,1130.735646361683,0.764010571866002,0.9724348863174751,1.0
13560.0,226.0,115.75036341539733,1138.2021502611435,0.7690555069332051,0.9724348863174751,1.0
13580.0,226.33333333333334,116.40155370543435,1145.668654160604,0.7741004420004082,0.9724348863174751,1.0
13600.0,226.66666666666666,117.05274399547137,1153.1351580600647,0.7791453770676112,0.9724348863174751,1.0
13620.0,227.0,117.7039342855084,1160.6016619595255,0.7841903121348145,0.9724348863174751,1.0
13640.0,227.33333333333334,118.35512457554542,1168.068165858986,0.7892352472020177,0.9724348863174751,1.0
13660.0,227.66666666666666,119.00631486558244,1175.5346697584466,0.7942801822692207,0.9724348863174751,1.0
13680.0,228.0,119.65750515561946,1183.0011736579072,0.7993251173364238,0.9724348863174751,1.0
13700.0,228.33333333333334,120.30869544565648,1190.4676775573678,0.8043700524036269,0.9724348863174751,1.0
13720.0,228.66666666666666,120.9598857356935,1197.9341814568284,0.80941498747083,0.9724348863174751,1.0
13740.0,229.0,121.61107602573053,1205.400685356289,0.814459922538033,0.9724348863174751,1.0
13760.0,229.33333333333334,122.26226631576752,1212.8671892557495,0.8195048576052362,0.9724348863174751,1.0
13780.0,229.66666666666666,122.91345660580454,1220.33369315521,0.8245497926724392,0.9724348863174751,1.0
13800.0,230.0,123.56464689584158,1227.800197054671,0.8295947277396425,0.9724348863174751,1.0
13820.0,230.33333333333334,124.2158371858786,1235.2667009541315,0.8346396628068455,0.9724348863174751,1.0
13840.0,230.66666666666666,124.86702747591562,1242.733204853592,0.8396845978740487,0.9724348863174751,1.0
13860.0,231.0,125.51821776595264,1250.1997087530526,0.8447295329412517,0.9724348863174751,1.0
13880.0,231.33333333333334,126.16940805598966,1257.6662126525132,0.8497744680084549,0.9724348863174751,1.0
13900.0,231.66666666666666,126.82059834602669,1265.1327165519738,0.854819403075658,0.9724348863174751,1.0
13920.0,232.0,127.47178863606374,1272.5992204514346,0.8598643381428612,0.9724348863174751,1.0
13940.0,232.33333333333334,128.12297892610073,1280.0657243508952,0.8649092732100643,0.9724348863174751,1.0
13960.0,232.66666666666666,128.77416921613775,1287.5322282503557,0.8699542082772674,0.9724348863174751,1.0
13980.0,233.0,129.42535950617477,1294.9987321498163,0.8749991433444705,0.9724348863174751,1.0
14000.0,233.33333333333334,130.0765497962118,1302.4652360492769,0.8800440784116735,0.9724348863174751,1.0
14020.0,233.66666666666666,130.72774008624884,1309.9317399487377,0.8850890134788768,0.9724348863174751,1.0
14040.0,234.0,131.37893037628587,1317.3982438481983,0.8901339485460799,0.9724348863174751,1.0
14060.0,234.33333333333334,132.0301206663229,1324.8647477476588,0.895178883613283,0.9724348863174751,1.0
14080.0,234.66666666666666,132.68131095635988,1332.3312516471194,0.9002238186804861,0.9724348863174751,1.0
14100.0,235.0,133.3325012463969,1339.79775554658,0.9052687537476892,0.9724348863174751,1.0
14120.0,235.33333333333334,133.98369153643392,1347.2642594460406,0.9103136888148923,0.9724348863174751,1.0
14140.0,235.66666666666666,134.63488182647097,1354.7307633455014,0.9153586238820955,0.9724348863174751,1.0
14160.0,236.0,135.286072116508,1362.197267244962,0.9204035589492986,0.9724348863174751,1.0
14180.0,236.33333333333334,135.937262406545,1369.6637711444225,0.9254484940165018,0.9724348863174751,1.0
14200.0,236.66666666666666,136.588452696582,1377.130275043883,0.9304934290837048,0.9724348863174751,1.0
14220.0,237.0,137.23964298661903,1384.5967789433437,0.9355383641509079,0.9724348863174751,1.0
14240.0,237.33333333333334,137.89083327665605,1392.0632828428043,0.940583299218111,0.9724348863174751,1.0
14260.0,237.66666666666666,138.54202356669308,1399.5297867422648,0.9456282342853141,0.9724348863174751,1.0
14280.0,238.0,139.1932138567301,1406.9962906417256,0.9506731693525173,0.9724348863174751,1.0
14300.0,238.33333333333334,139.84440414676712,1414.4627945411862,0.9557181044197204,0.9724348863174751,1.0
14320.0,238.66666666666666,140.49559443680414,1421.9292984406468,0.9607630394869235,0.9724348863174751,1.0
14340.0,239.0,141.14678472684116,1429.3958023401074,0.9658079745541266,0.9724348863174751,1.0
14360.0,239.33333333333334,141.79797501687818,1436.862306239568,0.9708529096213296,0.9724348863174751,1.0
14380.0,239.66666666666666,142.4491653069152,1444.3288101390285,0.9758978446885328,0.9724348863174751,1.0
14400.0,240.0,143.10035559695223,1451.795314038489,0.9809427797557358,0.9724348863174751,1.0
14420.0,240.33333333333334,143.75154588698925,1459.2618179379497,0.985987714822939,0.9724348863174751,1.0
14440.0,240.66666666666666,144.40273617702627,1466.7283218374105,0.9910326498901422,0.9724348863174751,1.0
14460.0,241.0,145.0539264670633,1474.194825736871,0.9960775849573453,0.9724348863174751,1.0
14480.0,241.33333333333334,142.64937026822562,1446.624346708271,0.977448882910994,410.16766047452074,2.0
14500.0,241.66666666666666,129.56713729536003,1296.624346708271,0.8760975315596427,410.16766047452074,2.0
14520.0,242.0,116.48490432249442,1146.624346708271,0.7747461802082913,410.16766047452074,2.0
14540.0,242.33333333333334,103.4026713496288,996.6243467082711,0.6733948288569399,410.16766047452074,2.0
14560.0,242.66666666666666,90.3204383767632,846.6243467082711,0.5720434775055886,410.16766047452074,2.0
14580.0,243.0,77.23820540389761,696.624346708271,0.47069212615423717,410.16766047452074,2.0
14600.0,243.33333333333334,64.15597243103201,546.6243467082711,0.3693407748028859,410.16766047452074,2.0
14620.0,243.66666666666666,51.0737394581664,396.6243467082711,0.26798942345153454,410.16766047452074,2.0
14640.0,244.0,37.991506485300796,246.6243467082711,0.16663807210018317,410.16766047452074,2.0
14660.0,244.33333333333334,32.323092983404315,181.6307002070938,0.1227234460858742,0.9724348863174751,1.0
14680.0,244.66666666666666,32.97428327344134,189.09720410655441,0.12776838115307732,0.9724348863174751,1.0
14700.0,245.0,33.62547356347836,196.56370800601502,0.13281331622028042,0.9724348863174751,1.0
14720.0,245.33333333333334,34.27666385351538,204.03021190547562,0.13785825128748352,0.9724348863174751,1.0
14740.0,245.66666666666666,34.927854143552395,211.49671580493623,0.14290318635468663,0.9724348863174751,1.0
14760.0,246.0,35.57904443358942,218.96321970439686,0.14794812142188976,0.9724348863174751,1.0
14780.0,246.33333333333334,36.23023472362644,226.42972360385747,0.1529930564890929,0.9724348863174751,1.0
14800.0,246.66666666666666,36.88142501366346,233.89622750331807,0.158037991556296,0.9724348863174751,1.0
14820.0,247.0,37.53261530370048,241.3627314027787,0.16308292662349913,0.9724348863174751,1.0
14840.0,247.33333333333334,38.1838055937375,248.82923530223928,0.1681278616907022,0.9724348863174751,1.0
14860.0,247.66666666666666,38.834995883774525,256.2957392016999,0.17317279675790534,0.9724348863174751,1.0
14880.0,248.0,39.48618617381155,263.7622431011605,0.17821773182510844,0.9724348863174751,1.0
14900.0,248.33333333333334,40.13737646384857,271.2287470006211,0.18326266689231158,0.9724348863174751,1.0
14920.0,248.66666666666666,40.78856675388559,278.69525090008176,0.1883076019595147,0.9724348863174751,1.0
14940.0,249.0,41.43975704392261,286.16175479954234,0.19335253702671779,0.9724348863174751,1.0
14960.0,249.33333333333334,42.09094733395964,293.62825869900297,0.19839747209392092,0.9724348863174751,1.0
14980.0,249.66666666666666,42.74213762399665,301.09476259846355,0.20344240716112402,0.9724348863174751,1.0
15000.0,250.0,43.393327914033684,308.5612664979242,0.20848734222832715,0.9724348863174751,1.0
15020.0,250.33333333333334,44.04451820407069,316.02777039738476,0.21353227729553023,0.9724348863174751,1.0
15040.0,250.66666666666666,44.69570849410772,323.4942742968454,0.21857721236273336,0.9724348863174751,1.0
15060.0,251.0,45.34689878414474,330.960778196306,0.2236221474299365,0.9724348863174751,1.0
15080.0,251.33333333333334,45.99808907418176,338.4272820957666,0.2286670824971396,0.9724348863174751,1.0
15100.0,251.66666666666666,46.649279364218785,345.89378599522723,0.23371201756434273,0.9724348863174751,1.0
15120.0,252.0,47.30046965425581,353.36028989468787,0.23875695263154587,0.9724348863174751,1.0
15140.0,252.33333333333334,47.95165994429283,360.82679379414844,0.24380188769874894,0.9724348863174751,1.0
15160.0,252.66666666666666,48.60285023432984,368.293297693609,0.24884682276595205,0.9724348863174751,1.0
15180.0,253.0,49.25404052436687,375.7598015930697,0.2538917578331552,0.9724348863174751,1.0
15200.0,253.33333333333334,49.90523081440389,383.2263054925303,0.2589366929003583,0.9724348863174751,1.0
15220.0,253.66666666666666,50.556421104440915,390.69280939199086,0.2639816279675614,0.9724348863174751,1.0
15240.0,254.0,51.20761139447794,398.1593132914515,0.2690265630347645,0.9724348863174751,1.0
15260.0,254.33333333333334,51.85880168451496,405.62581719091213,0.2740714981019677,0.9724348863174751,1.0
15280.0,254.66666666666666,52.50999197455197,413.0923210903727,0.27911643316917073,0.9724348863174751,1.0
15300.0,255.0,53.161182264588994,420.55882498983334,0.2841613682363739,0.9724348863174751,1.0
15320.0,255.33333333333334,53.812372554626016,428.025328889294,0.289206303303577,0.9724348863174751,1.0
15340.0,255.66666666666666,54.46356284466304,435.49183278875455,0.2942512383707801,0.9724348863174751,1.0
15360.0,256.0,55.11475313470006,442.9583366882151,0.2992961734379832,0.9724348863174751,1.0
15380.0,256.3333333333333,55.76594342473708,450.4248405876758,0.30434110850518636,0.9724348863174751,1.0
15400.0,256.6666666666667,56.4171337147741,457.8913444871364,0.30938604357238947,0.9724348863174751,1.0
15420.0,257.0,57.068324004811124,465.35784838659697,0.3144309786395926,0.9724348863174751,1.0
15440.0,257.3333333333333,57.719514294848146,472.82435228605755,0.3194759137067956,0.9724348863174751,1.0
15460.0,257.6666666666667,58.37070458488517,480.29085618551824,0.3245208487739988,0.9724348863174751,1.0
15480.0,258.0,59.02189487492219,487.7573600849788,0.3295657838412019,0.9724348863174751,1.0
15500.0,258.3333333333333,59.673085164959204,495.2238639844394,0.334610718908405,0.9724348863174751,1.0
15520.0,258.6666666666667,60.32427545499624,502.6903678839001,0.33965565397560815,0.9724348863174751,1.0
15540.0,259.0,60.97546574503325,510.15687178336066,0.34470058904281126,0.9724348863174751,1.0
15560.0,259.3333333333333,61.626656035070276,517.6233756828213,0.3497455241100144,0.9724348863174751,1.0
15580.0,259.6666666666667,62.2778463251073,525.0898795822819,0.3547904591772175,0.9724348863174751,1.0
15600.0,260.0,62.92903661514431,532.5563834817425,0.3598353942444206,0.9724348863174751,1.0
15620.0,260.3333333333333,63.580226905181334,540.0228873812031,0.3648803293116237,0.9724348863174751,1.0
15640.0,260.6666666666667,64.23141719521837,547.4893912806638,0.3699252643788269,0.9724348863174751,1.0
15660.0,261.0,64.88260748525539,554.9558951801243,0.37497019944602994,0.9724348863174751,1.0
15680.0,261.3333333333333,65.5337977752924,562.4223990795849,0.38001513451323304,0.9724348863174751,1.0
15700.0,261.6666666666667,66.18498806532942,569.8889029790455,0.38506006958043615,0.9724348863174751,1.0
15720.0,262.0,66.83617835536644,577.3554068785062,0.3901050046476393,0.9724348863174751,1.0
15740.0,262.3333333333333,67.48736864540346,584.8219107779668,0.3951499397148424,0.9724348863174751,1.0
15760.0,262.6666666666667,68.13855893544049,592.2884146774273,0.4001948747820455,0.9724348863174751,1.0
15780.0,263.0,68.78974922547751,599.7549185768879,0.40523980984924857,0.9724348863174751,1.0
15800.0,263.3333333333333,69.44093951551453,607.2214224763486,0.4102847449164518,0.9724348863174751,1.0
15820.0,263.6666666666667,70.09212980555155,614.6879263758092,0.41532967998365483,0.9724348863174751,1.0
15840.0,264.0,70.74332009558856,622.1544302752698,0.42037461505085794,0.9724348863174751,1.0
15860.0,264.3333333333333,71.39451038562558,629.6209341747303,0.42541955011806104,0.9724348863174751,1.0
15880.0,264.6666666666667,72.04570067566262,637.087438074191,0.4304644851852642,0.9724348863174751,1.0
15900.0,265.0,72.69689096569964,644.5539419736516,0.4355094202524673,0.9724348863174751,1.0
15920.0,265.3333333333333,73.34808125573666,652.0204458731123,0.44055435531967047,0.9724348863174751,1.0
15940.0,265.6666666666667,73.99927154577368,659.4869497725729,0.44559929038687357,0.9724348863174751,1.0
15960.0,266.0,74.6504618358107,666.9534536720334,0.4506442254540767,0.9724348863174751,1.0
15980.0,266.3333333333333,75.30165212584772,674.4199575714941,0.45568916052127983,0.9724348863174751,1.0
16000.0,266.6666666666667,75.95284241588475,681.8864614709547,0.46073409558848294,0.9724348863174751,1.0
16020.0,267.0,76.60403270592177,689.3529653704153,0.465779030655686,0.9724348863174751,1.0
16040.0,267.3333333333333,77.25522299595879,696.819469269876,0.4708239657228892,0.9724348863174751,1.0
16060.0,267.6666666666667,77.90641328599581,704.2859731693366,0.47586890079009225,0.9724348863174751,1.0
16080.0,268.0,78.55760357603283,711.7524770687971,0.48091383585729536,0.9724348863174751,1.0
16100.0,268.3333333333333,79.20879386606985,719.2189809682577,0.48595877092449846,0.9724348863174751,1.0
16120.0,268.6666666666667,79.85998415610688,726.6854848677184,0.4910037059917016,0.9724348863174751,1.0
16140.0,269.0,80.51117444614388,734.151988767179,0.4960486410589047,0.9724348863174751,1.0
16160.0,269.3333333333333,81.1623647361809,741.6184926666396,0.5010935761261078,0.9724348863174751,1.0
16180.0,269.6666666666667,81.81355502621793,749.0849965661001,0.5061385111933109,0.9724348863174751,1.0
16200.0,270.0,82.46474531625496,756.5515004655608,0.511183446260514,0.9724348863174751,1.0
16220.0,270.3333333333333,83.11593560629197,764.0180043650214,0.5162283813277172,0.9724348863174751,1.0
16240.0,270.6666666666667,83.76712589632899,771.484508264482,0.5212733163949202,0.9724348863174751,1.0
16260.0,271.0,84.41831618636603,778.9510121639427,0.5263182514621234,0.9724348863174751,1.0
16280.0,271.3333333333333,85.06950647640305,786.4175160634032,0.5313631865293265,0.9724348863174751,1.0
16300.0,271.6666666666667,85.72069676644007,793.8840199628639,0.5364081215965297,0.9724348863174751,1.0
16320.0,272.0,86.37188705647709,801.3505238623245,0.5414530566637328,0.9724348863174751,1.0
16340.0,272.3333333333333,87.02307734651411,808.8170277617851,0.5464979917309358,0.9724348863174751,1.0
16360.0,272.6666666666667,87.67426763655115,816.2835316612458,0.551542926798139,0.9724348863174751,1.0
16380.0,273.0,88.32545792658816,823.7500355607064,0.5565878618653421,0.9724348863174751,1.0
16400.0,273.3333333333333,88.97664821662518,831.2165394601669,0.5616327969325452,0.9724348863174751,1.0
16420.0,273.6666666666667,89.6278385066622,838.6830433596275,0.5666777319997484,0.9724348863174751,1.0
16440.0,274.0,90.2790287966992,846.1495472590881,0.5717226670669514,0.9724348863174751,1.0
16460.0,274.3333333333333,90.93021908673622,853.6160511585487,0.5767676021341545,0.9724348863174751,1.0
16480.0,274.6666666666667,91.58140937677328,861.0825550580095,0.5818125372013577,0.9724348863174751,1.0
16500.0,275.0,92.2325996668103,868.54905895747,0.5868574722685609,0.9724348863174751,1.0
16520.0,275.3333333333333,92.8837899568473,876.0155628569306,0.5919024073357639,0.9724348863174751,1.0
16540.0,275.6666666666667,93.53498024688432,883.4820667563912,0.596947342402967,0.9724348863174751,1.0
16560.0,276.0,94.18617053692134,890.9485706558518,0.6019922774701701,0.9724348863174751,1.0
16580.0,276.3333333333333,94.83736082695836,898.4150745553123,0.6070372125373732,0.9724348863174751,1.0
16600.0,276.6666666666667,95.48855111699537,905.8815784547729,0.6120821476045762,0.9724348863174751,1.0
16620.0,277.0,96.1397414070324,913.3480823542336,0.6171270826717795,0.9724348863174751,1.0
16640.0,277.3333333333333,96.79093169706944,920.8145862536943,0.6221720177389827,0.9724348863174751,1.0
16660.0,277.6666666666667,97.44212198710646,928.2810901531549,0.6272169528061857,0.9724348863174751,1.0
16680.0,278.0,98.09331227714347,935.7475940526155,0.6322618878733888,0.9724348863174751,1.0
16700.0,278.3333333333333,98.74450256718049,943.214097952076,0.6373068229405919,0.9724348863174751,1.0
16720.0,278.6666666666667,99.39569285721753,950.6806018515367,0.6423517580077951,0.9724348863174751,1.0
16740.0,279.0,100.04688314725455,958.1471057509973,0.6473966930749981,0.9724348863174751,1.0
16760.0,279.3333333333333,100.69807343729155,965.6136096504579,0.6524416281422013,0.9724348863174751,1.0
16780.0,279.6666666666667,101.34926372732858,973.0801135499185,0.6574865632094044,0.9724348863174751,1.0
16800.0,280.0,102.0004540173656,980.5466174493791,0.6625314982766075,0.9724348863174751,1.0
16820.0,280.3333333333333,102.65164430740262,988.0131213488397,0.6675764333438107,0.9724348863174751,1.0
16840.0,280.6666666666667,103.30283459743966,995.4796252483004,0.6726213684110138,0.9724348863174751,1.0
16860.0,281.0,103.95402488747668,1002.946129147761,0.6776663034782169,0.9724348863174751,1.0
16880.0,281.3333333333333,104.60521517751367,1010.4126330472216,0.6827112385454199,0.9724348863174751,1.0
16900.0,281.6666666666667,105.25640546755069,1017.8791369466821,0.6877561736126231,0.9724348863174751,1.0
16920.0,282.0,105.90759575758771,1025.3456408461427,0.6928011086798261,0.9724348863174751,1.0
16940.0,282.3333333333333,106.55878604762474,1032.8121447456033,0.6978460437470293,0.9724348863174751,1.0
16960.0,282.6666666666667,107.20997633766179,1040.278648645064,0.7028909788142325,0.9724348863174751,1.0
16980.0,283.0,107.86116662769881,1047.7451525445247,0.7079359138814356,0.9724348863174751,1.0
17000.0,283.3333333333333,108.51235691773583,1055.2116564439852,0.7129808489486387,0.9724348863174751,1.0
17020.0,283.6666666666667,109.16354720777282,1062.6781603434458,0.7180257840158418,0.9724348863174751,1.0
17040.0,284.0,109.81473749780984,1070.1446642429064,0.7230707190830449,0.9724348863174751,1.0
17060.0,284.3333333333333,110.46592778784687,1077.611168142367,0.7281156541502479,0.9724348863174751,1.0
17080.0,284.6666666666667,111.11711807788389,1085.0776720418276,0.7331605892174511,0.9724348863174751,1.0
17100.0,285.0,111.76830836792091,1092.5441759412881,0.7382055242846541,0.9724348863174751,1.0
17120.0,285.3333333333333,112.41949865795794,1100.010679840749,0.7432504593518574,0.9724348863174751,1.0
17140.0,285.6666666666667,113.07068894799497,1107.4771837402095,0.7482953944190605,0.9724348863174751,1.0
17160.0,286.0,113.72187923803199,1114.94368763967,0.7533403294862636,0.9724348863174751,1.0
17180.0,286.3333333333333,114.373069528069,1122.4101915391307,0.7583852645534667,0.9724348863174751,1.0
17200.0,286.6666666666667,115.02425981810602,1129.8766954385912,0.7634301996206697,0.9724348863174751,1.0
17220.0,287.0,115.67545010814304,1137.3431993380518,0.7684751346878729,0.9724348863174751,1.0
17240.0,287.3333333333333,116.32664039818006,1144.8097032375124,0.7735200697550759,0.9724348863174751,1.0
17260.0,287.6666666666667,116.9778306882171,1152.2762071369732,0.7785650048222792,0.9724348863174751,1.0
17280.0,288.0,117.62902097825412,1159.7427110364338,0.7836099398894822,0.9724348863174751,1.0
17300.0,288.3333333333333,118.28021126829114,1167.2092149358944,0.7886548749566854,0.9724348863174751,1.0
17320.0,288.6666666666667,118.93140155832815,1174.675718835355,0.7936998100238885,0.9724348863174751,1.0
17340.0,289.0,119.58259184836515,1182.1422227348155,0.7987447450910916,0.9724348863174751,1.0
17360.0,289.3333333333333,120.23378213840218,1189.608726634276,0.8037896801582947,0.9724348863174751,1.0
17380.0,289.6666666666667,120.8849724284392,1197.0752305337367,0.8088346152254977,0.9724348863174751,1.0
17400.0,290.0,121.53616271847622,1204.5417344331972,0.8138795502927009,0.9724348863174751,1.0
17420.0,290.3333333333333,122.18735300851327,1212.008238332658,0.818924485359904,0.9724348863174751,1.0
17440.0,290.6666666666667,122.83854329855029,1219.4747422321186,0.8239694204271072,0.9724348863174751,1.0
17460.0,291.0,123.48973358858731,1226.9412461315792,0.8290143554943102,0.9724348863174751,1.0
17480.0,291.3333333333333,124.1409238786243,1234.4077500310398,0.8340592905615134,0.9724348863174751,1.0
17500.0,291.6666666666667,124.79211416866133,1241.8742539305003,0.8391042256287164,0.9724348863174751,1.0
17520.0,292.0,125.44330445869835,1249.340757829961,0.8441491606959195,0.9724348863174751,1.0
17540.0,292.3333333333333,126.09449474873537,1256.8072617294215,0.8491940957631227,0.9724348863174751,1.0
17560.0,292.6666666666667,126.7456850387724,1264.273765628882,0.8542390308303257,0.9724348863174751,1.0
17580.0,293.0,127.39687532880943,1271.7402695283429,0.859283965897529,0.9724348863174751,1.0
17600.0,293.3333333333333,128.04806561884646,1279.2067734278035,0.864328900964732,0.9724348863174751,1.0
17620.0,293.6666666666667,128.6992559088835,1286.673277327264,0.8693738360319352,0.9724348863174751,1.0
17640.0,294.0,129.35044619892048,1294.1397812267246,0.8744187710991382,0.9724348863174751,1.0
17660.0,294.3333333333333,130.0016364889575,1301.6062851261852,0.8794637061663413,0.9724348863174751,1.0
17680.0,294.6666666666667,130.65282677899452,1309.0727890256458,0.8845086412335444,0.9724348863174751,1.0
17700.0,295.0,131.30401706903154,1316.5392929251063,0.8895535763007475,0.9724348863174751,1.0
17720.0,295.3333333333333,131.95520735906857,1324.005796824567,0.8945985113679507,0.9724348863174751,1.0
17740.0,295.6666666666667,132.6063976491056,1331.4723007240277,0.8996434464351538,0.9724348863174751,1.0
17760.0,296.0,133.2575879391426,1338.9388046234883,0.904688381502357,0.9724348863174751,1.0
17780.0,296.3333333333333,133.90877822917963,1346.4053085229489,0.90973331656956,0.9724348863174751,1.0
17800.0,296.6666666666667,134.55996851921665,1353.8718124224094,0.9147782516367632,0.9724348863174751,1.0
17820.0,297.0,135.21115880925367,1361.33831632187,0.9198231867039662,0.9724348863174751,1.0
17840.0,297.3333333333333,135.8623490992907,1368.8048202213308,0.9248681217711695,0.9724348863174751,1.0
17860.0,297.6666666666667,136.51353938932772,1376.2713241207914,0.9299130568383726,0.9724348863174751,1.0
17880.0,298.0,137.16472967936474,1383.737828020252,0.9349579919055757,0.9724348863174751,1.0
17900.0,298.3333333333333,137.81591996940176,1391.2043319197126,0.9400029269727788,0.9724348863174751,1.0
17920.0,298.6666666666667,138.46711025943878,1398.6708358191731,0.9450478620399818,0.9724348863174751,1.0
17940.0,299.0,139.1183005494758,1406.137339718634,0.9500927971071851,0.9724348863174751,1.0
17960.0,299.3333333333333,139.76949083951283,1413.6038436180945,0.9551377321743881,0.9724348863174751,1.0
17980.0,299.6666666666667,140.42068112954985,1421.070347517555,0.9601826672415913,0.9724348863174751,1.0
