time_s,time_min,Psag_bar,liquid_level_m,trap_holdup,Qliq_out_kgs,stage
0.0,0.0,76.43869940923274,15.146573569107286,0.12,1.029823752649072,1.0
10.0,0.16666666666666666,76.59440933434549,17.065317296191406,0.13520140817324566,1.029823752649072,1.0
20.0,0.3333333333333333,76.75011925945824,18.98406102327553,0.15040281634649139,1.029823752649072,1.0
30.0,0.5,76.90582918457099,20.90280475035965,0.16560422451973705,1.029823752649072,1.0
40.0,0.6666666666666666,77.06153910968375,22.82154847744377,0.18080563269298272,1.029823752649072,1.0
50.0,0.8333333333333334,77.21724903479651,24.740292204527893,0.19600704086622844,1.029823752649072,1.0
60.0,1.0,77.37295895990925,26.659035931612017,0.21120844903947414,1.029823752649072,1.0
70.0,1.1666666666666667,77.52866888502201,28.577779658696137,0.2264098572127198,1.029823752649072,1.0
80.0,1.3333333333333333,77.68437881013476,30.496523385780257,0.24161126538596547,1.029823752649072,1.0
90.0,1.5,77.84008873524752,32.415267112864385,0.2568126735592112,1.029823752649072,1.0
100.0,1.6666666666666667,77.99579866036028,34.334010839948505,0.2720140817324569,1.029823752649072,1.0
110.0,1.8333333333333333,78.15150858547302,36.252754567032625,0.28721548990570256,1.029823752649072,1.0
120.0,2.0,78.30721851058578,38.171498294116745,0.3024168980789482,1.029823752649072,1.0
130.0,2.1666666666666665,78.46292843569854,40.090242021200865,0.3176183062521939,1.029823752649072,1.0
140.0,2.3333333333333335,78.61863836081129,42.008985748284985,0.3328197144254396,1.029823752649072,1.0
150.0,2.5,78.77434828592405,43.92772947536911,0.34802112259868534,1.029823752649072,1.0
160.0,2.6666666666666665,78.9300582110368,45.846473202453225,0.36322253077193095,1.029823752649072,1.0
170.0,2.8333333333333335,79.08576813614955,47.76521692953736,0.37842393894517673,1.029823752649072,1.0
180.0,3.0,79.24147806126231,49.68396065662148,0.3936253471184224,1.029823752649072,1.0
190.0,3.1666666666666665,79.39718798637506,51.6027043837056,0.40882675529166806,1.029823752649072,1.0
200.0,3.3333333333333335,79.55289791148782,53.52144811078972,0.42402816346491373,1.029823752649072,1.0
210.0,3.5,79.70860783660056,55.44019183787384,0.43922957163815946,1.029823752649072,1.0
220.0,3.6666666666666665,79.86431776171334,57.35893556495796,0.4544309798114051,1.029823752649072,1.0
230.0,3.8333333333333335,80.02002768682608,59.27767929204208,0.4696323879846508,1.029823752649072,1.0
240.0,4.0,80.17573761193884,61.1964230191262,0.48483379615789646,1.029823752649072,1.0
250.0,4.166666666666667,80.33144753705159,63.11516674621032,0.5000352043311421,1.029823752649072,1.0
260.0,4.333333333333333,80.48715746216435,65.03391047329444,0.5152366125043878,1.029823752649072,1.0
270.0,4.5,80.64286738727711,66.95265420037857,0.5304380206776336,1.029823752649072,1.0
280.0,4.666666666666667,80.79857731238985,68.8713979274627,0.5456394288508792,1.029823752649072,1.0
290.0,4.833333333333333,80.95428723750261,70.79014165454682,0.5608408370241249,1.029823752649072,1.0
300.0,5.0,81.10999716261536,72.70888538163094,0.5760422451973706,1.029823752649072,1.0
310.0,5.166666666666667,81.26570708772812,74.62762910871506,0.5912436533706162,1.029823752649072,1.0
320.0,5.333333333333333,81.42141701284088,76.54637283579918,0.606445061543862,1.029823752649072,1.0
330.0,5.5,81.57712693795362,78.4651165628833,0.6216464697171077,1.029823752649072,1.0
340.0,5.666666666666667,81.73283686306638,80.38386028996743,0.6368478778903535,1.029823752649072,1.0
350.0,5.833333333333333,81.88854678817913,82.30260401705154,0.652049286063599,1.029823752649072,1.0
360.0,6.0,82.04425671329189,84.22134774413567,0.6672506942368448,1.029823752649072,1.0
370.0,6.166666666666667,82.19996663840465,86.14009147121979,0.6824521024100905,1.029823752649072,1.0
380.0,6.333333333333333,82.35567656351739,88.05883519830391,0.6976535105833361,1.029823752649072,1.0
390.0,6.5,82.51138648863015,89.97757892538804,0.7128549187565819,1.029823752649072,1.0
400.0,6.666666666666667,82.66709641374291,91.89632265247215,0.7280563269298275,1.029823752649072,1.0
410.0,6.833333333333333,82.82280633885566,93.81506637955627,0.7432577351030731,1.029823752649072,1.0
420.0,7.0,82.97851626396842,95.73381010664039,0.7584591432763188,1.029823752649072,1.0
430.0,7.166666666666667,83.13422618908116,97.65255383372453,0.7736605514495646,1.029823752649072,1.0
440.0,7.333333333333333,83.28993611419392,99.57129756080865,0.7888619596228102,1.029823752649072,1.0
450.0,7.5,83.44564603930668,101.49004128789275,0.8040633677960558,1.029823752649072,1.0
460.0,7.666666666666667,83.60135596441943,103.40878501497689,0.8192647759693017,1.029823752649072,1.0
470.0,7.833333333333333,83.75706588953219,105.327528742061,0.8344661841425474,1.029823752649072,1.0
480.0,8.0,83.91277581464493,107.24627246914513,0.849667592315793,1.029823752649072,1.0
490.0,8.166666666666666,84.0684857397577,109.16501619622925,0.8648690004890387,1.029823752649072,1.0
500.0,8.333333333333334,84.22419566487044,111.08375992331337,0.8800704086622844,1.029823752649072,1.0
510.0,8.5,84.3799055899832,113.00250365039749,0.89527181683553,1.029823752649072,1.0
520.0,8.666666666666666,84.53561551509597,114.9212473774816,0.9104732250087757,1.029823752649072,1.0
530.0,8.833333333333334,84.6913254402087,116.83999110456574,0.9256746331820215,1.029823752649072,1.0
540.0,9.0,84.84703536532147,118.75873483164986,0.9408760413552671,1.029823752649072,1.0
550.0,9.166666666666666,85.00274529043423,120.67747855873398,0.9560774495285128,1.029823752649072,1.0
560.0,9.333333333333334,85.15845521554698,122.5962222858181,0.9712788577017585,1.029823752649072,1.0
570.0,9.5,85.31416514065974,124.51496601290222,0.9864802658750041,1.029823752649072,1.0
580.0,9.666666666666666,85.09354788821936,121.79639833714259,0.9649421853578022,449.9706486281365,2.0
590.0,9.833333333333334,81.84746717582775,81.79639833714259,0.6480388290904808,449.9706486281365,2.0
600.0,10.0,78.60138646343613,41.79639833714259,0.33113547282315947,449.9706486281365,2.0
610.0,10.166666666666666,76.49066827887302,15.786962693652445,0.12507353657213632,1.029823752649072,1.0
620.0,10.333333333333334,76.64637820398578,17.705706420736565,0.140274944745382,1.029823752649072,1.0
630.0,10.5,76.80208812909852,19.62445014782069,0.15547635291862769,1.029823752649072,1.0
640.0,10.666666666666666,76.95779805421128,21.54319387490481,0.17067776109187335,1.029823752649072,1.0
650.0,10.833333333333334,77.11350797932403,23.461937601988932,0.18587916926511908,1.029823752649072,1.0
660.0,11.0,77.26921790443679,25.380681329073052,0.20108057743836474,1.029823752649072,1.0
670.0,11.166666666666666,77.42492782954955,27.299425056157176,0.21628198561161044,1.029823752649072,1.0
680.0,11.333333333333334,77.58063775466229,29.218168783241296,0.23148339378485613,1.029823752649072,1.0
690.0,11.5,77.73634767977505,31.136912510325416,0.2466848019581018,1.029823752649072,1.0
700.0,11.666666666666666,77.8920576048878,33.055656237409536,0.2618862101313475,1.029823752649072,1.0
710.0,11.833333333333334,78.04776753000057,34.97439996449366,0.27708761830459316,1.029823752649072,1.0
720.0,12.0,78.20347745511332,36.89314369157778,0.29228902647783883,1.029823752649072,1.0
730.0,12.166666666666666,78.35918738022607,38.811887418661904,0.30749043465108455,1.029823752649072,1.0
740.0,12.333333333333334,78.51489730533882,40.730631145746024,0.3226918428243302,1.029823752649072,1.0
750.0,12.5,78.67060723045158,42.64937487283015,0.33789325099757594,1.029823752649072,1.0
760.0,12.666666666666666,78.82631715556434,44.56811859991427,0.3530946591708216,1.029823752649072,1.0
770.0,12.833333333333334,78.98202708067708,46.48686232699839,0.36829606734406733,1.029823752649072,1.0
780.0,13.0,79.13773700578984,48.40560605408251,0.383497475517313,1.029823752649072,1.0
790.0,13.166666666666666,79.29344693090259,50.32434978116663,0.39869888369055867,1.029823752649072,1.0
800.0,13.333333333333334,79.44915685601535,52.24309350825075,0.41390029186380434,1.029823752649072,1.0
810.0,13.5,79.60486678112811,54.16183723533487,0.42910170003705,1.029823752649072,1.0
820.0,13.666666666666666,79.76057670624085,56.08058096241899,0.44430310821029567,1.029823752649072,1.0
830.0,13.833333333333334,79.91628663135361,57.999324689503126,0.45950451638354145,1.029823752649072,1.0
840.0,14.0,80.07199655646637,59.918068416587246,0.4747059245567872,1.029823752649072,1.0
850.0,14.166666666666666,80.22770648157912,61.83681214367137,0.48990733273003284,1.029823752649072,1.0
860.0,14.333333333333334,80.38341640669188,63.75555587075549,0.5051087409032785,1.029823752649072,1.0
870.0,14.5,80.53912633180462,65.6742995978396,0.5203101490765242,1.029823752649072,1.0
880.0,14.666666666666666,80.69483625691738,67.59304332492373,0.5355115572497698,1.029823752649072,1.0
890.0,14.833333333333334,80.85054618203014,69.51178705200785,0.5507129654230155,1.029823752649072,1.0
900.0,15.0,81.00625610714289,71.43053077909197,0.5659143735962612,1.029823752649072,1.0
910.0,15.166666666666666,81.16196603225565,73.34927450617609,0.5811157817695068,1.029823752649072,1.0
920.0,15.333333333333334,81.3176759573684,75.26801823326021,0.5963171899427525,1.029823752649072,1.0
930.0,15.5,81.47338588248115,77.18676196034434,0.6115185981159983,1.029823752649072,1.0
940.0,15.666666666666666,81.62909580759391,79.10550568742846,0.6267200062892441,1.029823752649072,1.0
950.0,15.833333333333334,81.78480573270666,81.02424941451258,0.6419214144624897,1.029823752649072,1.0
960.0,16.0,81.94051565781942,82.9429931415967,0.6571228226357354,1.029823752649072,1.0
970.0,16.166666666666668,82.09622558293218,84.86173686868082,0.6723242308089811,1.029823752649072,1.0
980.0,16.333333333333332,82.25193550804494,86.78048059576494,0.6875256389822267,1.029823752649072,1.0
990.0,16.5,82.40764543315768,88.69922432284908,0.7027270471554725,1.029823752649072,1.0
1000.0,16.666666666666668,82.56335535827043,90.6179680499332,0.7179284553287182,1.029823752649072,1.0
1010.0,16.833333333333332,82.71906528338319,92.53671177701732,0.7331298635019639,1.029823752649072,1.0
1020.0,17.0,82.87477520849595,94.45545550410142,0.7483312716752094,1.029823752649072,1.0
1030.0,17.166666666666668,83.0304851336087,96.37419923118556,0.7635326798484552,1.029823752649072,1.0
1040.0,17.333333333333332,83.18619505872145,98.29294295826968,0.7787340880217009,1.029823752649072,1.0
1050.0,17.5,83.34190498383421,100.2116866853538,0.7939354961949465,1.029823752649072,1.0
1060.0,17.666666666666668,83.49761490894697,102.13043041243793,0.8091369043681923,1.029823752649072,1.0
1070.0,17.833333333333332,83.65332483405972,104.04917413952204,0.8243383125414379,1.029823752649072,1.0
1080.0,18.0,83.80903475917248,105.96791786660616,0.8395397207146835,1.029823752649072,1.0
1090.0,18.166666666666668,83.96474468428522,107.88666159369028,0.8547411288879293,1.029823752649072,1.0
1100.0,18.333333333333332,84.12045460939798,109.80540532077441,0.8699425370611751,1.029823752649072,1.0
1110.0,18.5,84.27616453451073,111.72414904785853,0.8851439452344207,1.029823752649072,1.0
1120.0,18.666666666666668,84.43187445962349,113.64289277494265,0.9003453534076664,1.029823752649072,1.0
1130.0,18.833333333333332,84.58758438473625,115.56163650202677,0.9155467615809121,1.029823752649072,1.0
1140.0,19.0,84.74329430984899,117.48038022911089,0.9307481697541578,1.029823752649072,1.0
1150.0,19.166666666666668,84.89900423496175,119.39912395619501,0.9459495779274034,1.029823752649072,1.0
1160.0,19.333333333333332,85.05471416007451,121.31786768327915,0.9611509861006492,1.029823752649072,1.0
1170.0,19.5,85.21042408518726,123.23661141036327,0.9763523942738949,1.029823752649072,1.0
1180.0,19.666666666666668,85.36613401030002,125.15535513744737,0.9915538024471404,1.029823752649072,1.0
1190.0,19.833333333333332,84.01015423003113,108.44622310517775,0.8591743019136392,449.9706486281365,2.0
1200.0,20.0,80.7640735176395,68.44622310517775,0.5422709456463177,449.9706486281365,2.0
1210.0,20.166666666666668,77.5179928052479,28.44622310517775,0.22536758937899634,449.9706486281365,2.0
1220.0,20.333333333333332,76.5426371485133,16.427351818197604,0.13014707314427262,1.029823752649072,1.0
1230.0,20.5,76.69834707362605,18.346095545281724,0.1453484813175183,1.029823752649072,1.0
1240.0,20.666666666666668,76.85405699873881,20.264839272365847,0.16054988949076401,1.029823752649072,1.0
1250.0,20.833333333333332,77.00976692385157,22.183582999449968,0.17575129766400968,1.029823752649072,1.0
1260.0,21.0,77.16547684896432,24.102326726534088,0.19095270583725535,1.029823752649072,1.0
1270.0,21.166666666666668,77.32118677407708,26.02107045361821,0.20615411401050107,1.029823752649072,1.0
1280.0,21.333333333333332,77.47689669918982,27.93981418070233,0.22135552218374674,1.029823752649072,1.0
1290.0,21.5,77.63260662430258,29.858557907786455,0.23655693035699243,1.029823752649072,1.0
1300.0,21.666666666666668,77.78831654941534,31.77730163487058,0.25175833853023816,1.029823752649072,1.0
1310.0,21.833333333333332,77.94402647452809,33.6960453619547,0.2669597467034838,1.029823752649072,1.0
1320.0,22.0,78.09973639964085,35.61478908903882,0.2821611548767295,1.029823752649072,1.0
1330.0,22.166666666666668,78.2554463247536,37.53353281612294,0.2973625630499752,1.029823752649072,1.0
1340.0,22.333333333333332,78.41115624986635,39.45227654320706,0.3125639712232209,1.029823752649072,1.0
1350.0,22.5,78.56686617497911,41.37102027029118,0.32776537939646655,1.029823752649072,1.0
1360.0,22.666666666666668,78.72257610009186,43.2897639973753,0.3429667875697122,1.029823752649072,1.0
1370.0,22.833333333333332,78.87828602520462,45.20850772445942,0.3581681957429579,1.029823752649072,1.0
1380.0,23.0,79.03399595031738,47.12725145154355,0.3733696039162036,1.029823752649072,1.0
1390.0,23.166666666666668,79.18970587543012,49.04599517862766,0.3885710120894492,1.029823752649072,1.0
1400.0,23.333333333333332,79.34541580054288,50.9647389057118,0.40377242026269505,1.029823752649072,1.0
1410.0,23.5,79.50112572565563,52.88348263279592,0.4189738284359407,1.029823752649072,1.0
1420.0,23.666666666666668,79.65683565076839,54.80222635988004,0.4341752366091864,1.029823752649072,1.0
1430.0,23.833333333333332,79.81254557588115,56.72097008696416,0.44937664478243206,1.029823752649072,1.0
1440.0,24.0,79.96825550099389,58.63971381404828,0.4645780529556777,1.029823752649072,1.0
1450.0,24.166666666666668,80.12396542610665,60.5584575411324,0.4797794611289234,1.029823752649072,1.0
1460.0,24.333333333333332,80.2796753512194,62.47720126821652,0.49498086930216906,1.029823752649072,1.0
1470.0,24.5,80.43538527633216,64.39594499530064,0.5101822774754148,1.029823752649072,1.0
1480.0,24.666666666666668,80.59109520144492,66.31468872238476,0.5253836856486604,1.029823752649072,1.0
1490.0,24.833333333333332,80.74680512655766,68.23343244946889,0.5405850938219062,1.029823752649072,1.0
1500.0,25.0,80.90251505167043,70.15217617655301,0.5557865019951519,1.029823752649072,1.0
1510.0,25.166666666666668,81.05822497678318,72.07091990363713,0.5709879101683976,1.029823752649072,1.0
1520.0,25.333333333333332,81.21393490189594,73.98966363072125,0.5861893183416432,1.029823752649072,1.0
1530.0,25.5,81.36964482700868,75.90840735780537,0.6013907265148889,1.029823752649072,1.0
1540.0,25.666666666666668,81.52535475212144,77.8271510848895,0.6165921346881346,1.029823752649072,1.0
1550.0,25.833333333333332,81.6810646772342,79.74589481197361,0.6317935428613802,1.029823752649072,1.0
1560.0,26.0,81.83677460234695,81.66463853905775,0.646994951034626,1.029823752649072,1.0
1570.0,26.166666666666668,81.99248452745971,83.58338226614187,0.6621963592078718,1.029823752649072,1.0
1580.0,26.333333333333332,82.14819445257245,85.50212599322599,0.6773977673811175,1.029823752649072,1.0
1590.0,26.5,82.30390437768521,87.4208697203101,0.692599175554363,1.029823752649072,1.0
1600.0,26.666666666666668,82.45961430279797,89.33961344739423,0.7078005837276088,1.029823752649072,1.0
1610.0,26.833333333333332,82.61532422791072,91.25835717447835,0.7230019919008545,1.029823752649072,1.0
1620.0,27.0,82.77103415302348,93.17710090156247,0.7382034000741001,1.029823752649072,1.0
1630.0,27.166666666666668,82.92674407813624,95.0958446286466,0.7534048082473459,1.029823752649072,1.0
1640.0,27.333333333333332,83.08245400324898,97.01458835573071,0.7686062164205915,1.029823752649072,1.0
1650.0,27.5,83.23816392836174,98.93333208281483,0.7838076245938371,1.029823752649072,1.0
1660.0,27.666666666666668,83.39387385347449,100.85207580989896,0.7990090327670829,1.029823752649072,1.0
1670.0,27.833333333333332,83.54958377858725,102.77081953698308,0.8142104409403286,1.029823752649072,1.0
1680.0,28.0,83.70529370370001,104.6895632640672,0.8294118491135742,1.029823752649072,1.0
1690.0,28.166666666666668,83.86100362881275,106.60830699115132,0.8446132572868199,1.029823752649072,1.0
1700.0,28.333333333333332,84.01671355392551,108.52705071823544,0.8598146654600656,1.029823752649072,1.0
1710.0,28.5,84.17242347903827,110.44579444531956,0.8750160736333114,1.029823752649072,1.0
1720.0,28.666666666666668,84.32813340415102,112.36453817240368,0.890217481806557,1.029823752649072,1.0
1730.0,28.833333333333332,84.48384332926378,114.28328189948782,0.9054188899798028,1.029823752649072,1.0
1740.0,29.0,84.63955325437652,116.20202562657192,0.9206202981530484,1.029823752649072,1.0
1750.0,29.166666666666668,84.79526317948928,118.12076935365604,0.935821706326294,1.029823752649072,1.0
1760.0,29.333333333333332,84.95097310460204,120.03951308074018,0.9510231144995398,1.029823752649072,1.0
1770.0,29.5,85.10668302971479,121.9582568078243,0.9662245226727855,1.029823752649072,1.0
1780.0,29.666666666666668,85.26239295482755,123.87700053490842,0.9814259308460311,1.029823752649072,1.0
1790.0,29.833333333333332,85.4181028799403,125.79574426199254,0.9966273390192768,1.029823752649072,1.0
1800.0,30.0,82.92676057184289,95.09604787321291,0.7534064184694761,449.9706486281365,2.0
1810.0,30.166666666666668,79.68067985945127,55.09604787321291,0.4365030622021547,449.9706486281365,2.0
1820.0,30.333333333333332,76.43889609304084,15.14899721565864,0.12001920154316326,1.029823752649072,1.0
1830.0,30.5,76.59460601815358,17.067740942742763,0.13522060971640895,1.029823752649072,1.0
1840.0,30.666666666666668,76.75031594326634,18.986484669826883,0.15042201788965462,1.029823752649072,1.0
1850.0,30.833333333333332,76.90602586837909,20.905228396911006,0.16562342606290031,1.029823752649072,1.0
1860.0,31.0,77.06173579349185,22.823972123995127,0.18082483423614598,1.029823752649072,1.0
1870.0,31.166666666666668,77.21744571860461,24.742715851079247,0.19602624240939168,1.029823752649072,1.0
1880.0,31.333333333333332,77.37315564371735,26.66145957816337,0.21122765058263737,1.029823752649072,1.0
1890.0,31.5,77.52886556883011,28.580203305247494,0.22642905875588307,1.029823752649072,1.0
1900.0,31.666666666666668,77.68457549394286,30.498947032331614,0.24163046692912876,1.029823752649072,1.0
1910.0,31.833333333333332,77.84028541905562,32.417690759415734,0.25683187510237443,1.029823752649072,1.0
1920.0,32.0,77.99599534416838,34.336434486499854,0.2720332832756201,1.029823752649072,1.0
1930.0,32.166666666666664,78.15170526928112,36.255178213583974,0.28723469144886576,1.029823752649072,1.0
1940.0,32.333333333333336,78.30741519439388,38.173921940668095,0.30243609962211143,1.029823752649072,1.0
1950.0,32.5,78.46312511950664,40.092665667752215,0.3176375077953571,1.029823752649072,1.0
1960.0,32.666666666666664,78.61883504461939,42.01140939483635,0.33283891596860293,1.029823752649072,1.0
1970.0,32.833333333333336,78.77454496973215,43.93015312192047,0.3480403241418486,1.029823752649072,1.0
1980.0,33.0,78.9302548948449,45.84889684900458,0.3632417323150942,1.029823752649072,1.0
1990.0,33.166666666666664,79.08596481995765,47.76764057608871,0.37844314048833994,1.029823752649072,1.0
2000.0,33.333333333333336,79.24167474507041,49.68638430317283,0.3936445486615856,1.029823752649072,1.0
2010.0,33.5,79.39738467018317,51.60512803025695,0.40884595683483127,1.029823752649072,1.0
2020.0,33.666666666666664,79.55309459529592,53.52387175734107,0.42404736500807694,1.029823752649072,1.0
2030.0,33.833333333333336,79.70880452040866,55.44261548442519,0.43924877318132266,1.029823752649072,1.0
2040.0,34.0,79.86451444552144,57.36135921150931,0.4544501813545683,1.029823752649072,1.0
2050.0,34.166666666666664,80.02022437063418,59.280102938593444,0.4696515895278141,1.029823752649072,1.0
2060.0,34.333333333333336,80.17593429574694,61.198846665677564,0.4848529977010598,1.029823752649072,1.0
2070.0,34.5,80.33164422085969,63.117590392761684,0.5000544058743055,1.029823752649072,1.0
2080.0,34.666666666666664,80.48735414597245,65.0363341198458,0.5152558140475512,1.029823752649072,1.0
2090.0,34.833333333333336,80.6430640710852,66.95507784692992,0.5304572222207968,1.029823752649072,1.0
2100.0,35.0,80.79877399619795,68.87382157401404,0.5456586303940425,1.029823752649072,1.0
2110.0,35.166666666666664,80.95448392131071,70.79256530109816,0.5608600385672882,1.029823752649072,1.0
2120.0,35.333333333333336,81.11019384642346,72.71130902818228,0.5760614467405338,1.029823752649072,1.0
2130.0,35.5,81.26590377153622,74.63005275526642,0.5912628549137796,1.029823752649072,1.0
2140.0,35.666666666666664,81.42161369664898,76.54879648235053,0.6064642630870252,1.029823752649072,1.0
2150.0,35.833333333333336,81.57732362176172,78.46754020943465,0.6216656712602708,1.029823752649072,1.0
2160.0,36.0,81.73303354687448,80.38628393651878,0.6368670794335166,1.029823752649072,1.0
2170.0,36.166666666666664,81.88874347198724,82.3050276636029,0.6520684876067623,1.029823752649072,1.0
2180.0,36.333333333333336,82.04445339709999,84.22377139068702,0.667269895780008,1.029823752649072,1.0
2190.0,36.5,82.20016332221275,86.14251511777114,0.6824713039532536,1.029823752649072,1.0
2200.0,36.666666666666664,82.35587324732549,88.06125884485527,0.6976727121264995,1.029823752649072,1.0
2210.0,36.833333333333336,82.51158317243825,89.98000257193938,0.7128741202997451,1.029823752649072,1.0
2220.0,37.0,82.66729309755101,91.8987462990235,0.7280755284729907,1.029823752649072,1.0
2230.0,37.166666666666664,82.82300302266376,93.81749002610763,0.7432769366462365,1.029823752649072,1.0
2240.0,37.333333333333336,82.97871294777651,95.73623375319175,0.7584783448194822,1.029823752649072,1.0
2250.0,37.5,83.13442287288926,97.65497748027587,0.7736797529927278,1.029823752649072,1.0
2260.0,37.666666666666664,83.29013279800203,99.57372120736,0.7888811611659735,1.029823752649072,1.0
2270.0,37.833333333333336,83.44584272311478,101.49246493444411,0.8040825693392192,1.029823752649072,1.0
2280.0,38.0,83.60155264822752,103.41120866152824,0.8192839775124648,1.029823752649072,1.0
2290.0,38.166666666666664,83.75726257334028,105.32995238861236,0.8344853856857105,1.029823752649072,1.0
2300.0,38.333333333333336,83.91297249845303,107.24869611569649,0.8496867938589563,1.029823752649072,1.0
2310.0,38.5,84.0686824235658,109.1674398427806,0.8648882020322018,1.029823752649072,1.0
2320.0,38.666666666666664,84.22439234867856,111.08618356986472,0.8800896102054475,1.029823752649072,1.0
2330.0,38.833333333333336,84.38010227379131,113.00492729694885,0.8952910183786933,1.029823752649072,1.0
2340.0,39.0,84.53581219890407,114.92367102403297,0.9104924265519391,1.029823752649072,1.0
2350.0,39.166666666666664,84.6915221240168,116.84241475111709,0.9256938347251847,1.029823752649072,1.0
2360.0,39.333333333333336,84.84723204912957,118.76115847820121,0.9408952428984304,1.029823752649072,1.0
2370.0,39.5,85.00294197424233,120.67990220528533,0.9560966510716761,1.029823752649072,1.0
2380.0,39.666666666666664,85.15865189935508,122.59864593236945,0.9712980592449217,1.029823752649072,1.0
2390.0,39.833333333333336,85.31436182446784,124.51738965945357,0.9864994674181674,1.029823752649072,1.0
2400.0,40.0,85.08944762604628,121.74587264124807,0.9645418912926343,449.9706486281365,2.0
2410.0,40.166666666666664,81.84336691365466,81.74587264124807,0.647638535025313,449.9706486281365,2.0
2420.0,40.333333333333336,78.59728620126305,41.74587264124807,0.3307351787579916,449.9706486281365,2.0
2430.0,40.5,76.49086496268112,15.789386340203798,0.12509273811529956,1.029823752649072,1.0
2440.0,40.666666666666664,76.64657488779388,17.70813006728792,0.14029414628854525,1.029823752649072,1.0
2450.0,40.833333333333336,76.80228481290662,19.62687379437204,0.15549555446179092,1.029823752649072,1.0
2460.0,41.0,76.95799473801938,21.545617521456165,0.17069696263503664,1.029823752649072,1.0
2470.0,41.166666666666664,77.11370466313213,23.464361248540285,0.1858983708082823,1.029823752649072,1.0
2480.0,41.333333333333336,77.2694145882449,25.383104975624406,0.20109977898152798,1.029823752649072,1.0
2490.0,41.5,77.42512451335764,27.301848702708526,0.21630118715477367,1.029823752649072,1.0
2500.0,41.666666666666664,77.58083443847039,29.22059242979265,0.23150259532801937,1.029823752649072,1.0
2510.0,41.833333333333336,77.73654436358315,31.139336156876773,0.24670400350126506,1.029823752649072,1.0
2520.0,42.0,77.8922542886959,33.05807988396089,0.26190541167451076,1.029823752649072,1.0
2530.0,42.166666666666664,78.04796421380867,34.97682361104502,0.2771068198477565,1.029823752649072,1.0
2540.0,42.333333333333336,78.20367413892141,36.89556733812914,0.29230822802100215,1.029823752649072,1.0
2550.0,42.5,78.35938406403417,38.81431106521326,0.3075096361942478,1.029823752649072,1.0
2560.0,42.666666666666664,78.51509398914692,40.73305479229738,0.3227110443674935,1.029823752649072,1.0
2570.0,42.833333333333336,78.67080391425968,42.6517985193815,0.33791245254073915,1.029823752649072,1.0
2580.0,43.0,78.82651383937244,44.57054224646562,0.3531138607139849,1.029823752649072,1.0
2590.0,43.166666666666664,78.98222376448518,46.48928597354974,0.36831526888723054,1.029823752649072,1.0
2600.0,43.333333333333336,79.13793368959794,48.408029700633875,0.3835166770604763,1.029823752649072,1.0
2610.0,43.5,79.29364361471069,50.32677342771798,0.3987180852337219,1.029823752649072,1.0
2620.0,43.666666666666664,79.44935353982345,52.245517154802116,0.41391949340696765,1.029823752649072,1.0
2630.0,43.833333333333336,79.60506346493621,54.164260881886236,0.4291209015802133,1.029823752649072,1.0
2640.0,44.0,79.76077339004895,56.083004608970356,0.444322309753459,1.029823752649072,1.0
2650.0,44.166666666666664,79.91648331516171,58.001748336054476,0.4595237179267047,1.029823752649072,1.0
2660.0,44.333333333333336,80.07219324027447,59.920492063138596,0.4747251260999504,1.029823752649072,1.0
2670.0,44.5,80.22790316538722,61.839235790222716,0.48992653427319605,1.029823752649072,1.0
2680.0,44.666666666666664,80.38361309049998,63.757979517306836,0.5051279424464417,1.029823752649072,1.0
2690.0,44.833333333333336,80.53932301561272,65.67672324439096,0.5203293506196874,1.029823752649072,1.0
2700.0,45.0,80.69503294072548,67.59546697147509,0.5355307587929332,1.029823752649072,1.0
2710.0,45.166666666666664,80.85074286583824,69.5142106985592,0.5507321669661788,1.029823752649072,1.0
2720.0,45.333333333333336,81.00645279095099,71.43295442564332,0.5659335751394244,1.029823752649072,1.0
2730.0,45.5,81.16216271606375,73.35169815272745,0.5811349833126702,1.029823752649072,1.0
2740.0,45.666666666666664,81.3178726411765,75.27044187981157,0.5963363914859159,1.029823752649072,1.0
2750.0,45.833333333333336,81.47358256628925,77.18918560689569,0.6115377996591616,1.029823752649072,1.0
2760.0,46.0,81.62929249140201,79.10792933397981,0.6267392078324072,1.029823752649072,1.0
2770.0,46.166666666666664,81.78500241651476,81.02667306106395,0.641940616005653,1.029823752649072,1.0
2780.0,46.333333333333336,81.94071234162752,82.94541678814805,0.6571420241788986,1.029823752649072,1.0
2790.0,46.5,82.09642226674028,84.86416051523217,0.6723434323521442,1.029823752649072,1.0
2800.0,46.666666666666664,82.25213219185304,86.7829042423163,0.68754484052539,1.029823752649072,1.0
2810.0,46.833333333333336,82.40784211696578,88.70164796940043,0.7027462486986357,1.029823752649072,1.0
2820.0,47.0,82.56355204207854,90.62039169648455,0.7179476568718813,1.029823752649072,1.0
2830.0,47.166666666666664,82.71926196719129,92.53913542356867,0.7331490650451271,1.029823752649072,1.0
2840.0,47.333333333333336,82.87497189230405,94.45787915065279,0.7483504732183728,1.029823752649072,1.0
2850.0,47.5,83.0306818174168,96.3766228777369,0.7635518813916184,1.029823752649072,1.0
2860.0,47.666666666666664,83.18639174252955,98.29536660482103,0.7787532895648641,1.029823752649072,1.0
2870.0,47.833333333333336,83.34210166764231,100.21411033190516,0.7939546977381099,1.029823752649072,1.0
2880.0,48.0,83.49781159275507,102.13285405898927,0.8091561059113554,1.029823752649072,1.0
2890.0,48.166666666666664,83.65352151786782,104.05159778607339,0.8243575140846011,1.029823752649072,1.0
2900.0,48.333333333333336,83.80923144298058,105.97034151315752,0.8395589222578469,1.029823752649072,1.0
2910.0,48.5,83.96494136809332,107.88908524024164,0.8547603304310926,1.029823752649072,1.0
2920.0,48.666666666666664,84.12065129320608,109.80782896732576,0.8699617386043382,1.029823752649072,1.0
2930.0,48.833333333333336,84.27636121831883,111.72657269440988,0.8851631467775839,1.029823752649072,1.0
2940.0,49.0,84.43207114343159,113.645316421494,0.9003645549508296,1.029823752649072,1.0
2950.0,49.166666666666664,84.58778106854434,115.56406014857812,0.9155659631240752,1.029823752649072,1.0
2960.0,49.333333333333336,84.74349099365709,117.48280387566224,0.9307673712973209,1.029823752649072,1.0
2970.0,49.5,84.89920091876985,119.40154760274638,0.9459687794705668,1.029823752649072,1.0
2980.0,49.666666666666664,85.0549108438826,121.3202913298305,0.9611701876438125,1.029823752649072,1.0
2990.0,49.833333333333336,85.21062076899535,123.2390350569146,0.976371595817058,1.029823752649072,1.0
3000.0,50.0,85.36633069410811,125.15777878399874,0.9915730039903038,1.029823752649072,1.0
3010.0,50.166666666666664,84.00605396785805,108.39569740928323,0.8587740078484712,449.9706486281365,2.0
3020.0,50.333333333333336,80.75997325546643,68.39569740928323,0.5418706515811499,449.9706486281365,2.0
3030.0,50.5,77.5138925430748,28.39569740928323,0.22496729531382847,449.9706486281365,2.0
3040.0,50.666666666666664,76.5428338323214,16.429775464748957,0.13016627468743586,1.029823752649072,1.0
3050.0,50.833333333333336,76.69854375743415,18.348519191833077,0.14536768286068155,1.029823752649072,1.0
3060.0,51.0,76.85425368254691,20.2672629189172,0.16056909103392725,1.029823752649072,1.0
3070.0,51.166666666666664,77.00996360765967,22.18600664600132,0.17577049920717291,1.029823752649072,1.0
3080.0,51.333333333333336,77.16567353277242,24.104750373085444,0.1909719073804186,1.029823752649072,1.0
3090.0,51.5,77.32138345788518,26.023494100169565,0.2061733155536643,1.029823752649072,1.0
3100.0,51.666666666666664,77.47709338299792,27.942237827253685,0.22137472372690997,1.029823752649072,1.0
3110.0,51.833333333333336,77.63280330811068,29.860981554337805,0.23657613190015564,1.029823752649072,1.0
3120.0,52.0,77.78851323322344,31.779725281421932,0.25177754007340136,1.029823752649072,1.0
3130.0,52.166666666666664,77.94422315833619,33.69846900850605,0.26697894824664703,1.029823752649072,1.0
3140.0,52.333333333333336,78.09993308344895,35.61721273559017,0.28218035641989275,1.029823752649072,1.0
3150.0,52.5,78.2556430085617,37.53595646267429,0.2973817645931384,1.029823752649072,1.0
3160.0,52.666666666666664,78.41135293367445,39.45470018975841,0.3125831727663841,1.029823752649072,1.0
3170.0,52.833333333333336,78.56706285878721,41.37344391684254,0.3277845809396298,1.029823752649072,1.0
3180.0,53.0,78.72277278389996,43.29218764392665,0.3429859891128754,1.029823752649072,1.0
3190.0,53.166666666666664,78.87848270901272,45.21093137101079,0.3581873972861212,1.029823752649072,1.0
3200.0,53.333333333333336,79.03419263412547,47.12967509809491,0.37338880545936687,1.029823752649072,1.0
3210.0,53.5,79.18990255923822,49.04841882517903,0.3885902136326126,1.029823752649072,1.0
3220.0,53.666666666666664,79.34561248435098,50.96716255226315,0.40379162180585826,1.029823752649072,1.0
3230.0,53.833333333333336,79.50132240946373,52.88590627934727,0.4189930299791039,1.029823752649072,1.0
3240.0,54.0,79.65703233457648,54.80465000643139,0.4341944381523496,1.029823752649072,1.0
3250.0,54.166666666666664,79.81274225968924,56.72339373351551,0.44939584632559526,1.029823752649072,1.0
3260.0,54.333333333333336,79.96845218480199,58.64213746059963,0.46459725449884093,1.029823752649072,1.0
3270.0,54.5,80.12416210991475,60.56088118768376,0.4797986626720867,1.029823752649072,1.0
3280.0,54.666666666666664,80.27987203502751,62.47962491476787,0.4950000708453323,1.029823752649072,1.0
3290.0,54.833333333333336,80.43558196014027,64.398368641852,0.510201479018578,1.029823752649072,1.0
3300.0,55.0,80.59129188525301,66.31711236893612,0.5254028871918237,1.029823752649072,1.0
3310.0,55.166666666666664,80.74700181036576,68.23585609602024,0.5406042953650694,1.029823752649072,1.0
3320.0,55.333333333333336,80.90271173547853,70.15459982310436,0.5558057035383152,1.029823752649072,1.0
3330.0,55.5,81.05842166059128,72.07334355018848,0.5710071117115608,1.029823752649072,1.0
3340.0,55.666666666666664,81.21413158570404,73.9920872772726,0.5862085198848065,1.029823752649072,1.0
3350.0,55.833333333333336,81.36984151081678,75.91083100435672,0.6014099280580522,1.029823752649072,1.0
3360.0,56.0,81.52555143592954,77.82957473144084,0.6166113362312978,1.029823752649072,1.0
3370.0,56.166666666666664,81.6812613610423,79.74831845852498,0.6318127444045436,1.029823752649072,1.0
3380.0,56.333333333333336,81.83697128615505,81.6670621856091,0.6470141525777893,1.029823752649072,1.0
3390.0,56.5,81.99268121126781,83.58580591269322,0.6622155607510349,1.029823752649072,1.0
3400.0,56.666666666666664,82.14839113638055,85.50454963977734,0.6774169689242806,1.029823752649072,1.0
3410.0,56.833333333333336,82.30410106149331,87.42329336686146,0.6926183770975263,1.029823752649072,1.0
3420.0,57.0,82.45981098660607,89.34203709394558,0.7078197852707719,1.029823752649072,1.0
3430.0,57.166666666666664,82.61552091171882,91.26078082102971,0.7230211934440177,1.029823752649072,1.0
3440.0,57.333333333333336,82.77123083683158,93.17952454811383,0.7382226016172634,1.029823752649072,1.0
3450.0,57.5,82.92694076194432,95.09826827519794,0.7534240097905089,1.029823752649072,1.0
3460.0,57.666666666666664,83.08265068705708,97.01701200228206,0.7686254179637547,1.029823752649072,1.0
3470.0,57.833333333333336,83.23836061216984,98.93575572936619,0.7838268261370005,1.029823752649072,1.0
3480.0,58.0,83.39407053728259,100.85449945645031,0.7990282343102462,1.029823752649072,1.0
3490.0,58.166666666666664,83.54978046239535,102.77324318353443,0.8142296424834918,1.029823752649072,1.0
3500.0,58.333333333333336,83.7054903875081,104.69198691061855,0.8294310506567375,1.029823752649072,1.0
3510.0,58.5,83.86120031262085,106.61073063770267,0.8446324588299832,1.029823752649072,1.0
3520.0,58.666666666666664,84.01691023773361,108.5294743647868,0.8598338670032288,1.029823752649072,1.0
3530.0,58.833333333333336,84.17262016284637,110.44821809187093,0.8750352751764746,1.029823752649072,1.0
3540.0,59.0,84.32833008795912,112.36696181895505,0.8902366833497203,1.029823752649072,1.0
3550.0,59.166666666666664,84.48404001307188,114.28570554603917,0.905438091522966,1.029823752649072,1.0
3560.0,59.333333333333336,84.63974993818462,116.20444927312327,0.9206394996962115,1.029823752649072,1.0
3570.0,59.5,84.79545986329738,118.12319300020741,0.9358409078694573,1.029823752649072,1.0
3580.0,59.666666666666664,84.95116978841014,120.04193672729153,0.951042316042703,1.029823752649072,1.0
3590.0,59.833333333333336,85.10687971352289,121.96068045437565,0.9662437242159486,1.029823752649072,1.0
3600.0,60.0,85.26258963863565,123.87942418145978,0.9814451323891945,1.029823752649072,1.0
3610.0,60.166666666666664,85.4182995637484,125.79816790854389,0.9966465405624401,1.029823752649072,1.0
3620.0,60.333333333333336,82.92266030966981,95.04552217731839,0.7530061244043081,449.9706486281365,2.0
3630.0,60.5,79.67657959727819,55.04552217731839,0.4361027681369868,449.9706486281365,2.0
3640.0,60.666666666666664,76.43909277684894,15.151420862209994,0.12003840308632649,1.029823752649072,1.0
3650.0,60.833333333333336,76.59480270196168,17.070164589294116,0.13523981125957218,1.029823752649072,1.0
3660.0,61.0,76.75051262707444,18.988908316378236,0.15044121943281785,1.029823752649072,1.0
3670.0,61.166666666666664,76.90622255218719,20.90765204346236,0.16564262760606355,1.029823752649072,1.0
3680.0,61.333333333333336,77.06193247729995,22.82639577054648,0.18084403577930924,1.029823752649072,1.0
3690.0,61.5,77.21764240241271,24.745139497630603,0.19604544395255494,1.029823752649072,1.0
3700.0,61.666666666666664,77.37335232752545,26.663883224714723,0.2112468521258006,1.029823752649072,1.0
3710.0,61.833333333333336,77.52906225263821,28.582626951798847,0.22644826029904633,1.029823752649072,1.0
3720.0,62.0,77.68477217775096,30.501370678882964,0.24164966847229197,1.029823752649072,1.0
3730.0,62.166666666666664,77.84048210286372,32.42011440596709,0.2568510766455377,1.029823752649072,1.0
3740.0,62.333333333333336,77.99619202797648,34.33885813305121,0.27205248481878336,1.029823752649072,1.0
3750.0,62.5,78.15190195308922,36.25760186013533,0.287253892992029,1.029823752649072,1.0
3760.0,62.666666666666664,78.30761187820198,38.17634558721946,0.30245530116527475,1.029823752649072,1.0
3770.0,62.833333333333336,78.46332180331474,40.09508931430358,0.31765670933852047,1.029823752649072,1.0
3780.0,63.0,78.61903172842749,42.0138330413877,0.33285811751176614,1.029823752649072,1.0
3790.0,63.166666666666664,78.77474165354025,43.93257676847182,0.3480595256850118,1.029823752649072,1.0
3800.0,63.333333333333336,78.93045157865299,45.85132049555594,0.3632609338582575,1.029823752649072,1.0
3810.0,63.5,79.08616150376577,47.77006422264006,0.37846234203150314,1.029823752649072,1.0
3820.0,63.666666666666664,79.24187142887851,49.68880794972418,0.3936637502047488,1.029823752649072,1.0
3830.0,63.833333333333336,79.39758135399127,51.6075516768083,0.4088651583779945,1.029823752649072,1.0
3840.0,64.0,79.55329127910402,53.52629540389243,0.4240665665512403,1.029823752649072,1.0
3850.0,64.16666666666667,79.70900120421678,55.44503913097654,0.43926797472448587,1.029823752649072,1.0
3860.0,64.33333333333333,79.86471112932954,57.363782858060674,0.45446938289773164,1.029823752649072,1.0
3870.0,64.5,80.02042105444228,59.282526585144794,0.4696707910709773,1.029823752649072,1.0
3880.0,64.66666666666667,80.17613097955504,61.201270312228914,0.484872199244223,1.029823752649072,1.0
3890.0,64.83333333333333,80.33184090466779,63.120014039313034,0.5000736074174686,1.029823752649072,1.0
3900.0,65.0,80.48755082978055,65.03875776639715,0.5152750155907143,1.029823752649072,1.0
3910.0,65.16666666666667,80.6432607548933,66.95750149348127,0.53047642376396,1.029823752649072,1.0
3920.0,65.33333333333333,80.79897068000605,68.87624522056541,0.5456778319372058,1.029823752649072,1.0
3930.0,65.5,80.95468060511881,70.79498894764953,0.5608792401104514,1.029823752649072,1.0
3940.0,65.66666666666667,81.11039053023157,72.71373267473365,0.5760806482836972,1.029823752649072,1.0
3950.0,65.83333333333333,81.26610045534431,74.63247640181777,0.5912820564569429,1.029823752649072,1.0
3960.0,66.0,81.42181038045707,76.55122012890187,0.6064834646301884,1.029823752649072,1.0
3970.0,66.16666666666667,81.57752030556982,78.46996385598601,0.6216848728034342,1.029823752649072,1.0
3980.0,66.33333333333333,81.73323023068258,80.38870758307013,0.6368862809766799,1.029823752649072,1.0
3990.0,66.5,81.88894015579534,82.30745131015425,0.6520876891499255,1.029823752649072,1.0
4000.0,66.66666666666667,82.04465008090808,84.22619503723838,0.6672890973231713,1.029823752649072,1.0
4010.0,66.83333333333333,82.20036000602084,86.1449387643225,0.682490505496417,1.029823752649072,1.0
4020.0,67.0,82.35606993113359,88.06368249140661,0.6976919136696625,1.029823752649072,1.0
4030.0,67.16666666666667,82.51177985624635,89.98242621849074,0.7128933218429083,1.029823752649072,1.0
4040.0,67.33333333333333,82.66748978135911,91.90116994557486,0.728094730016154,1.029823752649072,1.0
4050.0,67.5,82.82319970647185,93.81991367265898,0.7432961381893997,1.029823752649072,1.0
4060.0,67.66666666666667,82.97890963158461,95.7386573997431,0.7584975463626453,1.029823752649072,1.0
4070.0,67.83333333333333,83.13461955669736,97.65740112682722,0.773698954535891,1.029823752649072,1.0
4080.0,68.0,83.29032948181013,99.57614485391134,0.7889003627091368,1.029823752649072,1.0
4090.0,68.16666666666667,83.44603940692288,101.49488858099546,0.8041017708823824,1.029823752649072,1.0
4100.0,68.33333333333333,83.60174933203564,103.4136323080796,0.8193031790556282,1.029823752649072,1.0
4110.0,68.5,83.7574592571484,105.33237603516372,0.8345045872288739,1.029823752649072,1.0
4120.0,68.66666666666667,83.91316918226113,107.25111976224784,0.8497059954021196,1.029823752649072,1.0
4130.0,68.83333333333333,84.0688791073739,109.16986348933195,0.8649074035753651,1.029823752649072,1.0
4140.0,69.0,84.22458903248666,111.08860721641608,0.8801088117486109,1.029823752649072,1.0
4150.0,69.16666666666667,84.38029895759941,113.0073509435002,0.8953102199218566,1.029823752649072,1.0
4160.0,69.33333333333333,84.53600888271217,114.92609467058432,0.9105116280951022,1.029823752649072,1.0
4170.0,69.5,84.69171880782491,116.84483839766845,0.925713036268348,1.029823752649072,1.0
4180.0,69.66666666666667,84.84742873293767,118.76358212475256,0.9409144444415936,1.029823752649072,1.0
4190.0,69.83333333333333,85.00313865805043,120.68232585183668,0.9561158526148392,1.029823752649072,1.0
4200.0,70.0,85.15884858316318,122.60106957892081,0.971317260788085,1.029823752649072,1.0
4210.0,70.16666666666667,85.31455850827594,124.51981330600493,0.9865186689613307,1.029823752649072,1.0
4220.0,70.33333333333333,85.0853473638732,121.69534694535355,0.9641415972274665,449.9706486281365,2.0
4230.0,70.5,81.83926665148158,81.69534694535355,0.647238240960145,449.9706486281365,2.0
4240.0,70.66666666666667,78.59318593908996,41.69534694535355,0.3303348846928237,449.9706486281365,2.0
4250.0,70.83333333333333,76.49106164648921,15.791809986755153,0.12511193965846282,1.029823752649072,1.0
4260.0,71.0,76.64677157160197,17.710553713839275,0.14031334783170848,1.029823752649072,1.0
4270.0,71.16666666666667,76.80248149671472,19.629297440923395,0.15551475600495418,1.029823752649072,1.0
4280.0,71.33333333333333,76.95819142182748,21.54804116800752,0.17071616417819988,1.029823752649072,1.0
4290.0,71.5,77.11390134694022,23.466784895091642,0.18591757235144557,1.029823752649072,1.0
4300.0,71.66666666666667,77.269611272053,25.385528622175762,0.20111898052469124,1.029823752649072,1.0
4310.0,71.83333333333333,77.42532119716574,27.304272349259882,0.21632038869793693,1.029823752649072,1.0
4320.0,72.0,77.5810311222785,29.223016076344003,0.2315217968711826,1.029823752649072,1.0
4330.0,72.16666666666667,77.73674104739125,31.14175980342813,0.24672320504442832,1.029823752649072,1.0
4340.0,72.33333333333333,77.89245097250401,33.06050353051225,0.261924613217674,1.029823752649072,1.0
4350.0,72.5,78.04816089761677,34.97924725759637,0.2771260213909197,1.029823752649072,1.0
4360.0,72.66666666666667,78.20387082272951,36.89799098468049,0.29232742956416535,1.029823752649072,1.0
4370.0,72.83333333333333,78.35958074784227,38.81673471176461,0.307528837737411,1.029823752649072,1.0
4380.0,73.0,78.51529067295502,40.73547843884873,0.3227302459106567,1.029823752649072,1.0
4390.0,73.16666666666667,78.67100059806778,42.65422216593286,0.33793165408390247,1.029823752649072,1.0
4400.0,73.33333333333333,78.82671052318054,44.57296589301697,0.3531330622571481,1.029823752649072,1.0
4410.0,73.5,78.98242044829328,46.4917096201011,0.3683344704303938,1.029823752649072,1.0
4420.0,73.66666666666667,79.13813037340604,48.410453347185225,0.3835358786036395,1.029823752649072,1.0
4430.0,73.83333333333333,79.2938402985188,50.329197074269345,0.3987372867768852,1.029823752649072,1.0
4440.0,74.0,79.44955022363155,52.247940801353465,0.41393869495013086,1.029823752649072,1.0
4450.0,74.16666666666667,79.6052601487443,54.166684528437585,0.4291401031233765,1.029823752649072,1.0
4460.0,74.33333333333333,79.76097007385705,56.085428255521705,0.4443415112966222,1.029823752649072,1.0
4470.0,74.5,79.91667999896981,58.004171982605826,0.4595429194698679,1.029823752649072,1.0
4480.0,74.66666666666667,80.07238992408257,59.922915709689946,0.4747443276431136,1.029823752649072,1.0
4490.0,74.83333333333333,80.22809984919532,61.84165943677408,0.48994573581635936,1.029823752649072,1.0
4500.0,75.0,80.38380977430808,63.760403163858186,0.5051471439896049,1.029823752649072,1.0
4510.0,75.16666666666667,80.53951969942082,65.67914689094232,0.5203485521628507,1.029823752649072,1.0
4520.0,75.33333333333333,80.69522962453358,67.59789061802644,0.5355499603360964,1.029823752649072,1.0
4530.0,75.5,80.85093954964634,69.51663434511056,0.550751368509342,1.029823752649072,1.0
4540.0,75.66666666666667,81.00664947475909,71.43537807219468,0.5659527766825877,1.029823752649072,1.0
4550.0,75.83333333333333,81.16235939987185,73.3541217992788,0.5811541848558334,1.029823752649072,1.0
4560.0,76.0,81.3180693249846,75.27286552636292,0.596355593029079,1.029823752649072,1.0
4570.0,76.16666666666667,81.47377925009737,77.19160925344704,0.6115570012023248,1.029823752649072,1.0
4580.0,76.33333333333333,81.62948917521011,79.11035298053116,0.6267584093755705,1.029823752649072,1.0
4590.0,76.5,81.78519910032286,81.02909670761528,0.6419598175488161,1.029823752649072,1.0
4600.0,76.66666666666667,81.94090902543562,82.94784043469942,0.6571612257220619,1.029823752649072,1.0
4610.0,76.83333333333333,82.09661895054838,84.86658416178354,0.6723626338953076,1.029823752649072,1.0
4620.0,77.0,82.25232887566114,86.78532788886766,0.6875640420685533,1.029823752649072,1.0
4630.0,77.16666666666667,82.40803880077388,88.70407161595179,0.702765450241799,1.029823752649072,1.0
4640.0,77.33333333333333,82.56374872588664,90.6228153430359,0.7179668584150446,1.029823752649072,1.0
4650.0,77.5,82.71945865099939,92.54155907012002,0.7331682665882903,1.029823752649072,1.0
4660.0,77.66666666666667,82.87516857611215,94.46030279720414,0.7483696747615359,1.029823752649072,1.0
4670.0,77.83333333333333,83.0308785012249,96.37904652428827,0.7635710829347817,1.029823752649072,1.0
4680.0,78.0,83.18658842633765,98.29779025137239,0.7787724911080274,1.029823752649072,1.0
4690.0,78.16666666666667,83.34229835145041,100.21653397845651,0.793973899281273,1.029823752649072,1.0
4700.0,78.33333333333333,83.49800827656317,102.13527770554063,0.8091753074545187,1.029823752649072,1.0
4710.0,78.5,83.65371820167591,104.05402143262475,0.8243767156277645,1.029823752649072,1.0
4720.0,78.66666666666667,83.80942812678867,105.97276515970887,0.8395781238010102,1.029823752649072,1.0
4730.0,78.83333333333333,83.96513805190142,107.89150888679299,0.8547795319742558,1.029823752649072,1.0
4740.0,79.0,84.12084797701418,109.81025261387711,0.8699809401475015,1.029823752649072,1.0
4750.0,79.16666666666667,84.27655790212692,111.72899634096123,0.8851823483207472,1.029823752649072,1.0
4760.0,79.33333333333333,84.43226782723968,113.64774006804535,0.9003837564939928,1.029823752649072,1.0
4770.0,79.5,84.58797775235244,115.56648379512949,0.9155851646672386,1.029823752649072,1.0
4780.0,79.66666666666667,84.74368767746519,117.4852275222136,0.9307865728404843,1.029823752649072,1.0
4790.0,79.83333333333333,84.89939760257795,119.40397124929773,0.9459879810137299,1.029823752649072,1.0
4800.0,80.0,85.05510752769072,121.32271497638185,0.9611893891869756,1.029823752649072,1.0
4810.0,80.16666666666667,85.21081745280345,123.24145870346597,0.9763907973602213,1.029823752649072,1.0
4820.0,80.33333333333333,85.36652737791621,125.16020243055009,0.9915922055334669,1.029823752649072,1.0
4830.0,80.5,84.00195370568495,108.34517171338871,0.8583737137833034,449.9706486281365,2.0
4840.0,80.66666666666667,80.75587299329334,68.34517171338871,0.5414703575159819,449.9706486281365,2.0
4850.0,80.83333333333333,77.50979228090172,28.34517171338871,0.22456700124866058,449.9706486281365,2.0
4860.0,81.0,76.5430305161295,16.43219911130031,0.13018547623059912,1.029823752649072,1.0
4870.0,81.16666666666667,76.69874044124225,18.350942838384434,0.1453868844038448,1.029823752649072,1.0
4880.0,81.33333333333333,76.85445036635501,20.269686565468554,0.16058829257709048,1.029823752649072,1.0
4890.0,81.5,77.01016029146777,22.188430292552674,0.17578970075033615,1.029823752649072,1.0
4900.0,81.66666666666667,77.16587021658052,24.1071740196368,0.1909911089235819,1.029823752649072,1.0
4910.0,81.83333333333333,77.32158014169327,26.02591774672092,0.20619251709682757,1.029823752649072,1.0
4920.0,82.0,77.47729006680603,27.94466147380504,0.22139392527007323,1.029823752649072,1.0
4930.0,82.16666666666667,77.63299999191878,29.86340520088916,0.2365953334433189,1.029823752649072,1.0
4940.0,82.33333333333333,77.78870991703154,31.782148927973285,0.2517967416165646,1.029823752649072,1.0
4950.0,82.5,77.94441984214428,33.7008926550574,0.2669981497898103,1.029823752649072,1.0
4960.0,82.66666666666667,78.10012976725704,35.61963638214153,0.282199557963056,1.029823752649072,1.0
4970.0,82.83333333333333,78.2558396923698,37.53838010922565,0.2974009661363017,1.029823752649072,1.0
4980.0,83.0,78.41154961748255,39.45712383630977,0.31260237430954735,1.029823752649072,1.0
4990.0,83.16666666666667,78.56725954259531,41.375867563393896,0.32780378248279307,1.029823752649072,1.0
5000.0,83.33333333333333,78.72296946770805,43.29461129047802,0.34300519065603874,1.029823752649072,1.0
5010.0,83.5,78.87867939282081,45.21335501756214,0.3582065988292844,1.029823752649072,1.0
5020.0,83.66666666666667,79.03438931793357,47.13209874464626,0.37340800700253013,1.029823752649072,1.0
5030.0,83.83333333333333,79.19009924304632,49.05084247173038,0.3886094151757758,1.029823752649072,1.0
5040.0,84.0,79.34580916815908,50.9695861988145,0.40381082334902146,1.029823752649072,1.0
5050.0,84.16666666666667,79.50151909327182,52.88832992589862,0.41901223152226713,1.029823752649072,1.0
5060.0,84.33333333333333,79.65722901838458,54.80707365298275,0.4342136396955129,1.029823752649072,1.0
5070.0,84.5,79.81293894349734,56.72581738006686,0.44941504786875847,1.029823752649072,1.0
5080.0,84.66666666666667,79.96864886861009,58.64456110715099,0.46461645604200424,1.029823752649072,1.0
5090.0,84.83333333333333,80.12435879372286,60.56330483423511,0.47981786421524997,1.029823752649072,1.0
5100.0,85.0,80.28006871883561,62.48204856131923,0.49501927238849563,1.029823752649072,1.0
5110.0,85.16666666666667,80.43577864394837,64.40079228840335,0.5102206805617413,1.029823752649072,1.0
5120.0,85.33333333333333,80.59148856906111,66.31953601548747,0.525422088734987,1.029823752649072,1.0
5130.0,85.5,80.74719849417387,68.23827974257159,0.5406234969082326,1.029823752649072,1.0
5140.0,85.66666666666667,80.90290841928663,70.15702346965571,0.5558249050814783,1.029823752649072,1.0
5150.0,85.83333333333333,81.05861834439938,72.07576719673983,0.571026313254724,1.029823752649072,1.0
5160.0,86.0,81.21432826951214,73.99451092382395,0.5862277214279696,1.029823752649072,1.0
5170.0,86.16666666666667,81.37003819462488,75.91325465090809,0.6014291296012154,1.029823752649072,1.0
5180.0,86.33333333333333,81.52574811973764,77.8319983779922,0.6166305377744611,1.029823752649072,1.0
5190.0,86.5,81.6814580448504,79.75074210507633,0.6318319459477068,1.029823752649072,1.0
5200.0,86.66666666666667,81.83716796996315,81.66948583216046,0.6470333541209526,1.029823752649072,1.0
5210.0,86.83333333333333,81.9928778950759,83.58822955924457,0.6622347622941982,1.029823752649072,1.0
5220.0,87.0,82.14858782018865,85.50697328632869,0.6774361704674439,1.029823752649072,1.0
5230.0,87.16666666666667,82.30429774530141,87.42571701341281,0.6926375786406895,1.029823752649072,1.0
5240.0,87.33333333333333,82.46000767041417,89.34446074049694,0.7078389868139353,1.029823752649072,1.0
5250.0,87.5,82.61571759552692,91.26320446758106,0.723040394987181,1.029823752649072,1.0
5260.0,87.66666666666667,82.77142752063968,93.18194819466518,0.7382418031604266,1.029823752649072,1.0
5270.0,87.83333333333333,82.92713744575244,95.1006919217493,0.7534432113336723,1.029823752649072,1.0
5280.0,88.0,83.08284737086518,97.01943564883342,0.768644619506918,1.029823752649072,1.0
5290.0,88.16666666666667,83.23855729597794,98.93817937591754,0.7838460276801636,1.029823752649072,1.0
5300.0,88.33333333333333,83.39426722109069,100.85692310300168,0.7990474358534094,1.029823752649072,1.0
5310.0,88.5,83.54997714620345,102.77566683008578,0.814248844026655,1.029823752649072,1.0
5320.0,88.66666666666667,83.7056870713162,104.6944105571699,0.8294502521999007,1.029823752649072,1.0
5330.0,88.83333333333333,83.86139699642895,106.61315428425402,0.8446516603731463,1.029823752649072,1.0
5340.0,89.0,84.01710692154171,108.53189801133816,0.8598530685463922,1.029823752649072,1.0
5350.0,89.16666666666667,84.17281684665447,110.45064173842228,0.8750544767196379,1.029823752649072,1.0
5360.0,89.33333333333333,84.32852677176722,112.3693854655064,0.8902558848928835,1.029823752649072,1.0
5370.0,89.5,84.48423669687998,114.28812919259052,0.9054572930661292,1.029823752649072,1.0
5380.0,89.66666666666667,84.63994662199273,116.20687291967464,0.9206587012393749,1.029823752649072,1.0
5390.0,89.83333333333333,84.79565654710548,118.12561664675876,0.9358601094126205,1.029823752649072,1.0
5400.0,90.0,84.95136647221824,120.04436037384289,0.9510615175858663,1.029823752649072,1.0
5410.0,90.16666666666667,85.10707639733099,121.96310410092701,0.966262925759112,1.029823752649072,1.0
5420.0,90.33333333333333,85.26278632244374,123.88184782801112,0.9814643339323575,1.029823752649072,1.0
5430.0,90.5,85.4184962475565,125.80059155509524,0.9966657421056032,1.029823752649072,1.0
5440.0,90.66666666666667,82.91856004749673,94.99499648142387,0.7526058303391403,449.9706486281365,2.0
5450.0,90.83333333333333,79.67247933510511,54.99499648142387,0.4357024740718189,449.9706486281365,2.0
5460.0,91.0,76.43928946065704,15.153844508761349,0.12005760462948974,1.029823752649072,1.0
5470.0,91.16666666666667,76.59499938576978,17.07258823584547,0.13525901280273542,1.029823752649072,1.0
5480.0,91.33333333333333,76.75070931088254,18.991331962929593,0.1504604209759811,1.029823752649072,1.0
5490.0,91.5,76.90641923599529,20.910075690013713,0.1656618291492268,1.029823752649072,1.0
5500.0,91.66666666666667,77.06212916110805,22.828819417097833,0.18086323732247248,1.029823752649072,1.0
5510.0,91.83333333333333,77.2178390862208,24.747563144181957,0.19606464549571817,1.029823752649072,1.0
5520.0,92.0,77.37354901133355,26.66630687126608,0.21126605366896387,1.029823752649072,1.0
5530.0,92.16666666666667,77.52925893644631,28.5850505983502,0.22646746184220956,1.029823752649072,1.0
5540.0,92.33333333333333,77.68496886155907,30.50379432543432,0.24166887001545523,1.029823752649072,1.0
5550.0,92.5,77.84067878667182,32.42253805251845,0.25687027818870095,1.029823752649072,1.0
5560.0,92.66666666666667,77.99638871178458,34.34128177960257,0.2720716863619466,1.029823752649072,1.0
5570.0,92.83333333333333,78.15209863689732,36.26002550668669,0.2872730945351923,1.029823752649072,1.0
5580.0,93.0,78.30780856201008,38.17876923377081,0.302474502708438,1.029823752649072,1.0
5590.0,93.16666666666667,78.46351848712284,40.09751296085493,0.3176759108816837,1.029823752649072,1.0
5600.0,93.33333333333333,78.6192284122356,42.01625668793905,0.33287731905492934,1.029823752649072,1.0
5610.0,93.5,78.77493833734835,43.93500041502317,0.348078727228175,1.029823752649072,1.0
5620.0,93.66666666666667,78.9306482624611,45.85374414210729,0.3632801354014207,1.029823752649072,1.0
5630.0,93.83333333333333,79.08635818757386,47.77248786919141,0.37848154357466635,1.029823752649072,1.0
5640.0,94.0,79.24206811268661,49.69123159627554,0.3936829517479121,1.029823752649072,1.0
5650.0,94.16666666666667,79.39777803779937,51.60997532335966,0.40888435992115785,1.029823752649072,1.0
5660.0,94.33333333333333,79.55348796291211,53.52871905044378,0.4240857680944035,1.029823752649072,1.0
5670.0,94.5,79.70919788802487,55.4474627775279,0.4392871762676492,1.029823752649072,1.0
5680.0,94.66666666666667,79.86490781313763,57.36620650461202,0.45448858444089485,1.029823752649072,1.0
5690.0,94.83333333333333,80.02061773825038,59.28495023169614,0.4696899926141405,1.029823752649072,1.0
5700.0,95.0,80.17632766336314,61.20369395878026,0.4848914007873862,1.029823752649072,1.0
5710.0,95.16666666666667,80.33203758847588,63.122437685864384,0.5000928089606319,1.029823752649072,1.0
5720.0,95.33333333333333,80.48774751358864,65.0411814129485,0.5152942171338776,1.029823752649072,1.0
5730.0,95.5,80.6434574387014,66.95992514003264,0.5304956253071234,1.029823752649072,1.0
5740.0,95.66666666666667,80.79916736381415,68.87866886711676,0.545697033480369,1.029823752649072,1.0
5750.0,95.83333333333333,80.95487728892691,70.79741259420088,0.5608984416536147,1.029823752649072,1.0
5760.0,96.0,81.11058721403967,72.716156321285,0.5760998498268604,1.029823752649072,1.0
5770.0,96.16666666666667,81.26629713915241,74.63490004836912,0.591301258000106,1.029823752649072,1.0
5780.0,96.33333333333333,81.42200706426517,76.55364377545324,0.6065026661733517,1.029823752649072,1.0
5790.0,96.5,81.57771698937792,78.47238750253736,0.6217040743465974,1.029823752649072,1.0
5800.0,96.66666666666667,81.73342691449068,80.3911312296215,0.6369054825198431,1.029823752649072,1.0
5810.0,96.83333333333333,81.88913683960344,82.30987495670561,0.6521068906930888,1.029823752649072,1.0
5820.0,97.0,82.04484676471618,84.22861868378973,0.6673082988663345,1.029823752649072,1.0
5830.0,97.16666666666667,82.20055668982894,86.14736241087384,0.6825097070395801,1.029823752649072,1.0
5840.0,97.33333333333333,82.35626661494169,88.06610613795797,0.6977111152128259,1.029823752649072,1.0
5850.0,97.5,82.51197654005446,89.9848498650421,0.7129125233860716,1.029823752649072,1.0
5860.0,97.66666666666667,82.66768646516721,91.90359359212621,0.7281139315593173,1.029823752649072,1.0
5870.0,97.83333333333333,82.82339639027995,93.82233731921035,0.743315339732563,1.029823752649072,1.0
5880.0,98.0,82.97910631539271,95.74108104629445,0.7585167479058086,1.029823752649072,1.0
5890.0,98.16666666666667,83.13481624050546,97.65982477337857,0.7737181560790543,1.029823752649072,1.0
5900.0,98.33333333333333,83.29052616561823,99.57856850046271,0.7889195642523,1.029823752649072,1.0
5910.0,98.5,83.44623609073098,101.49731222754683,0.8041209724255457,1.029823752649072,1.0
5920.0,98.66666666666667,83.60194601584374,103.41605595463095,0.8193223805987914,1.029823752649072,1.0
5930.0,98.83333333333333,83.7576559409565,105.33479968171507,0.834523788772037,1.029823752649072,1.0
5940.0,99.0,83.91336586606924,107.25354340879919,0.8497251969452827,1.029823752649072,1.0
5950.0,99.16666666666667,84.069075791182,109.17228713588331,0.8649266051185284,1.029823752649072,1.0
5960.0,99.33333333333333,84.22478571629476,111.09103086296743,0.880128013291774,1.029823752649072,1.0
5970.0,99.5,84.3804956414075,113.00977459005156,0.8953294214650199,1.029823752649072,1.0
5980.0,99.66666666666667,84.53620556652027,114.92851831713568,0.9105308296382656,1.029823752649072,1.0
5990.0,99.83333333333333,84.69191549163301,116.84726204421979,0.9257322378115111,1.029823752649072,1.0
6000.0,100.0,84.84762541674577,118.76600577130391,0.9409336459847568,1.029823752649072,1.0
6010.0,100.16666666666667,85.00333534185853,120.68474949838804,0.9561350541580026,1.029823752649072,1.0
6020.0,100.33333333333333,85.15904526697128,122.60349322547216,0.9713364623312483,1.029823752649072,1.0
6030.0,100.5,85.31475519208404,124.52223695255628,0.9865378705044939,1.029823752649072,1.0
6040.0,100.66666666666667,85.08124710170011,121.64482124945903,0.9637413031622986,449.9706486281365,2.0
6050.0,100.83333333333333,81.8351663893085,81.64482124945903,0.6468379468949772,449.9706486281365,2.0
6060.0,101.0,78.58908567691688,41.64482124945903,0.3299345906276558,449.9706486281365,2.0
6070.0,101.16666666666667,76.49125833029733,15.794233633306508,0.12513114120162605,1.029823752649072,1.0
6080.0,101.33333333333333,76.64696825541007,17.712977360390628,0.14033254937487175,1.029823752649072,1.0
6090.0,101.5,76.80267818052283,19.63172108747475,0.15553395754811744,1.029823752649072,1.0
6100.0,101.66666666666667,76.95838810563558,21.55046481455887,0.1707353657213631,1.029823752649072,1.0
6110.0,101.83333333333333,77.11409803074832,23.469208541642992,0.18593677389460878,1.029823752649072,1.0
6120.0,102.0,77.2698079558611,25.387952268727116,0.2011381820678545,1.029823752649072,1.0
6130.0,102.16666666666667,77.42551788097384,27.306695995811236,0.21633959024110017,1.029823752649072,1.0
6140.0,102.33333333333333,77.5812278060866,29.22543972289536,0.23154099841434586,1.029823752649072,1.0
6150.0,102.5,77.73693773119935,31.14418344997948,0.24674240658759153,1.029823752649072,1.0
6160.0,102.66666666666667,77.8926476563121,33.0629271770636,0.2619438147608372,1.029823752649072,1.0
6170.0,102.83333333333333,78.04835758142487,34.98167090414772,0.2771452229340829,1.029823752649072,1.0
6180.0,103.0,78.20406750653761,36.90041463123184,0.29234663110732856,1.029823752649072,1.0
6190.0,103.16666666666667,78.35977743165037,38.81915835831597,0.3075480392805743,1.029823752649072,1.0
6200.0,103.33333333333333,78.51548735676313,40.73790208540009,0.32274944745381995,1.029823752649072,1.0
6210.0,103.5,78.67119728187588,42.656645812484214,0.3379508556270657,1.029823752649072,1.0
6220.0,103.66666666666667,78.82690720698864,44.57538953956833,0.35315226380031134,1.029823752649072,1.0
6230.0,103.83333333333333,78.98261713210138,46.494133266652454,0.36835367197355706,1.029823752649072,1.0
6240.0,104.0,79.13832705721414,48.412876993736575,0.38355508014680273,1.029823752649072,1.0
6250.0,104.16666666666667,79.2940369823269,50.331620720820695,0.3987564883200484,1.029823752649072,1.0
6260.0,104.33333333333333,79.44974690743965,52.250364447904815,0.41395789649329406,1.029823752649072,1.0
6270.0,104.5,79.6054568325524,54.169108174988935,0.42915930466653973,1.029823752649072,1.0
6280.0,104.66666666666667,79.76116675766515,56.087851902073055,0.44436071283978545,1.029823752649072,1.0
6290.0,104.83333333333333,79.91687668277791,58.00659562915719,0.45956212101303123,1.029823752649072,1.0
6300.0,105.0,80.07258660789067,59.92533935624131,0.4747635291862769,1.029823752649072,1.0
6310.0,105.16666666666667,80.22829653300342,61.84408308332543,0.48996493735952257,1.029823752649072,1.0
6320.0,105.33333333333333,80.38400645811618,63.76282681040955,0.5051663455327683,1.029823752649072,1.0
6330.0,105.5,80.53971638322894,65.68157053749367,0.520367753706014,1.029823752649072,1.0
6340.0,105.66666666666667,80.69542630834168,67.60031426457779,0.5355691618792596,1.029823752649072,1.0
6350.0,105.83333333333333,80.85113623345444,69.51905799166191,0.5507705700525053,1.029823752649072,1.0
6360.0,106.0,81.00684615856719,71.43780171874603,0.565971978225751,1.029823752649072,1.0
6370.0,106.16666666666667,81.16255608367995,73.35654544583016,0.5811733863989967,1.029823752649072,1.0
6380.0,106.33333333333333,81.3182660087927,75.27528917291428,0.5963747945722424,1.029823752649072,1.0
6390.0,106.5,81.47397593390546,77.19403289999839,0.611576202745488,1.029823752649072,1.0
6400.0,106.66666666666667,81.62968585901821,79.11277662708252,0.6267776109187337,1.029823752649072,1.0
6410.0,106.83333333333333,81.78539578413097,81.03152035416664,0.6419790190919794,1.029823752649072,1.0
6420.0,107.0,81.94110570924371,82.95026408125077,0.6571804272652251,1.029823752649072,1.0
6430.0,107.16666666666667,82.09681563435647,84.86900780833489,0.6723818354384707,1.029823752649072,1.0
6440.0,107.33333333333333,82.25252555946923,86.78775153541902,0.6875832436117165,1.029823752649072,1.0
6450.0,107.5,82.40823548458198,88.70649526250313,0.7027846517849622,1.029823752649072,1.0
6460.0,107.66666666666667,82.56394540969474,90.62523898958725,0.7179860599582079,1.029823752649072,1.0
6470.0,107.83333333333333,82.7196553348075,92.54398271667138,0.7331874681314536,1.029823752649072,1.0
6480.0,108.0,82.87536525992024,94.4627264437555,0.7483888763046993,1.029823752649072,1.0
6490.0,108.16666666666667,83.031075185033,96.38147017083962,0.763590284477945,1.029823752649072,1.0
6500.0,108.33333333333333,83.18678511014575,98.30021389792374,0.7787916926511906,1.029823752649072,1.0
6510.0,108.5,83.34249503525851,100.21895762500786,0.7939931008244363,1.029823752649072,1.0
6520.0,108.66666666666667,83.49820496037127,102.13770135209198,0.809194508997682,1.029823752649072,1.0
6530.0,108.83333333333333,83.65391488548401,104.0564450791761,0.8243959171709276,1.029823752649072,1.0
6540.0,109.0,83.80962481059677,105.97518880626023,0.8395973253441734,1.029823752649072,1.0
6550.0,109.16666666666667,83.96533473570952,107.89393253334435,0.8547987335174191,1.029823752649072,1.0
6560.0,109.33333333333333,84.12104466082228,109.81267626042846,0.8700001416906646,1.029823752649072,1.0
6570.0,109.5,84.27675458593502,111.7314199875126,0.8852015498639104,1.029823752649072,1.0
6580.0,109.66666666666667,84.43246451104778,113.65016371459672,0.9004029580371561,1.029823752649072,1.0
6590.0,109.83333333333333,84.58817443616054,115.56890744168084,0.9156043662104019,1.029823752649072,1.0
6600.0,110.0,84.74388436127329,117.48765116876496,0.9308057743836475,1.029823752649072,1.0
6610.0,110.16666666666667,84.89959428638605,119.40639489584908,0.9460071825568932,1.029823752649072,1.0
6620.0,110.33333333333333,85.0553042114988,121.3251386229332,0.9612085907301389,1.029823752649072,1.0
6630.0,110.5,85.21101413661155,123.24388235001732,0.9764099989033845,1.029823752649072,1.0
6640.0,110.66666666666667,85.36672406172433,125.16262607710145,0.9916114070766303,1.029823752649072,1.0
6650.0,110.83333333333333,83.99785344351187,108.29464601749419,0.8579734197181355,449.9706486281365,2.0
6660.0,111.0,80.75177273112025,68.29464601749419,0.5410700634508141,449.9706486281365,2.0
6670.0,111.16666666666667,77.50569201872864,28.294646017494188,0.22416670718349269,449.9706486281365,2.0
6680.0,111.33333333333333,76.5432271999376,16.434622757851667,0.13020467777376238,1.029823752649072,1.0
6690.0,111.5,76.69893712505036,18.353366484935787,0.14540608594700805,1.029823752649072,1.0
6700.0,111.66666666666667,76.85464705016311,20.27211021201991,0.16060749412025374,1.029823752649072,1.0
6710.0,111.83333333333333,77.01035697527587,22.19085393910403,0.17580890229349944,1.029823752649072,1.0
6720.0,112.0,77.16606690038861,24.10959766618815,0.1910103104667451,1.029823752649072,1.0
6730.0,112.16666666666667,77.32177682550137,26.028341393272274,0.2062117186399908,1.029823752649072,1.0
6740.0,112.33333333333333,77.47748675061413,27.947085120356395,0.22141312681323647,1.029823752649072,1.0
6750.0,112.5,77.63319667572688,29.86582884744052,0.2366145349864822,1.029823752649072,1.0
6760.0,112.66666666666667,77.78890660083964,31.78457257452464,0.25181594315972783,1.029823752649072,1.0
6770.0,112.83333333333333,77.94461652595238,33.703316301608766,0.2670173513329736,1.029823752649072,1.0
6780.0,113.0,78.10032645106514,35.622060028692886,0.2822187595062193,1.029823752649072,1.0
6790.0,113.16666666666667,78.2560363761779,37.540803755777006,0.29742016767946494,1.029823752649072,1.0
6800.0,113.33333333333333,78.41174630129065,39.459547482861126,0.3126215758527106,1.029823752649072,1.0
6810.0,113.5,78.56745622640341,41.378291209945246,0.3278229840259563,1.029823752649072,1.0
6820.0,113.66666666666667,78.72316615151615,43.297034937029366,0.34302439219920194,1.029823752649072,1.0
6830.0,113.83333333333333,78.87887607662891,45.215778664113486,0.3582258003724476,1.029823752649072,1.0
6840.0,114.0,79.03458600174167,47.13452239119761,0.3734272085456934,1.029823752649072,1.0
6850.0,114.16666666666667,79.19029592685442,49.05326611828173,0.388628616718939,1.029823752649072,1.0
6860.0,114.33333333333333,79.34600585196718,50.97200984536586,0.4038300248921848,1.029823752649072,1.0
6870.0,114.5,79.50171577707994,52.89075357244998,0.41903143306543045,1.029823752649072,1.0
6880.0,114.66666666666667,79.6574257021927,54.8094972995341,0.4342328412386761,1.029823752649072,1.0
6890.0,114.83333333333333,79.81313562730544,56.72824102661822,0.4494342494119218,1.029823752649072,1.0
6900.0,115.0,79.9688455524182,58.64698475370234,0.46463565758516745,1.029823752649072,1.0
6910.0,115.16666666666667,80.12455547753096,60.56572848078646,0.4798370657584132,1.029823752649072,1.0
6920.0,115.33333333333333,80.2802654026437,62.48447220787058,0.49503847393165884,1.029823752649072,1.0
6930.0,115.5,80.43597532775647,64.4032159349547,0.5102398821049045,1.029823752649072,1.0
6940.0,115.66666666666667,80.59168525286921,66.32195966203882,0.5254412902781502,1.029823752649072,1.0
6950.0,115.83333333333333,80.74739517798197,68.24070338912296,0.540642698451396,1.029823752649072,1.0
6960.0,116.0,80.90310510309473,70.15944711620708,0.5558441066246417,1.029823752649072,1.0
6970.0,116.16666666666667,81.05881502820748,72.0781908432912,0.5710455147978873,1.029823752649072,1.0
6980.0,116.33333333333333,81.21452495332024,73.99693457037532,0.586246922971133,1.029823752649072,1.0
6990.0,116.5,81.37023487843298,75.91567829745944,0.6014483311443787,1.029823752649072,1.0
7000.0,116.66666666666667,81.52594480354574,77.83442202454356,0.6166497393176243,1.029823752649072,1.0
7010.0,116.83333333333333,81.6816547286585,79.75316575162769,0.6318511474908701,1.029823752649072,1.0
7020.0,117.0,81.83736465377125,81.6719094787118,0.6470525556641157,1.029823752649072,1.0
7030.0,117.16666666666667,81.993074578884,83.59065320579592,0.6622539638373613,1.029823752649072,1.0
7040.0,117.33333333333333,82.14878450399677,85.50939693288005,0.6774553720106071,1.029823752649072,1.0
7050.0,117.5,82.30449442910951,87.42814065996417,0.6926567801838528,1.029823752649072,1.0
7060.0,117.66666666666667,82.46020435422227,89.34688438704829,0.7078581883570985,1.029823752649072,1.0
7070.0,117.83333333333333,82.61591427933502,91.26562811413241,0.7230595965303441,1.029823752649072,1.0
7080.0,118.0,82.77162420444778,93.18437184121653,0.7382610047035899,1.029823752649072,1.0
7090.0,118.16666666666667,82.92733412956053,95.10311556830065,0.7534624128768356,1.029823752649072,1.0
7100.0,118.33333333333333,83.08304405467328,97.02185929538477,0.7686638210500812,1.029823752649072,1.0
7110.0,118.5,83.23875397978604,98.9406030224689,0.783865229223327,1.029823752649072,1.0
7120.0,118.66666666666667,83.39446390489879,100.85934674955303,0.7990666373965727,1.029823752649072,1.0
7130.0,118.83333333333333,83.55017383001154,102.77809047663713,0.8142680455698182,1.029823752649072,1.0
7140.0,119.0,83.7058837551243,104.69683420372127,0.829469453743064,1.029823752649072,1.0
7150.0,119.16666666666667,83.86159368023705,106.61557793080539,0.8446708619163097,1.029823752649072,1.0
7160.0,119.33333333333333,84.01730360534981,108.5343216578895,0.8598722700895554,1.029823752649072,1.0
7170.0,119.5,84.17301353046257,110.45306538497364,0.8750736782628011,1.029823752649072,1.0
7180.0,119.66666666666667,84.32872345557531,112.37180911205775,0.8902750864360467,1.029823752649072,1.0
7190.0,119.83333333333333,84.48443338068807,114.29055283914187,0.9054764946092924,1.029823752649072,1.0
