arc_length_m,x_horizontal_m,y_plan_m,seabed_elevation_m,depth_below_surface_m,inclination_deg
0.0,0.0,0.0,6.377755103653142,1473.622244896347,1.8417567283765763
26.71118530884808,26.71118530884808,0.31468229558091465,7.235397516706968,1472.764602483293,1.8358272412187255
53.42237061769616,53.42237061769616,0.6293559351585012,8.089675430664888,1471.9103245693352,1.8273387363353346
80.13355592654423,80.13355592654423,0.9440122629675332,8.939396229232738,1471.0606037707673,1.8162986639856284
106.84474123539232,106.84474123539232,1.2586426237189814,9.783371728825426,1470.2166282711746,1.8027184037993897
133.5559265442404,133.5559265442404,1.573238362838095,10.62042001829344,1469.3795799817065,1.7866132497607172
160.26711185308847,160.26711185308847,1.8877908267024643,11.44936728962147,1468.5506327103785,1.7680023892431767
186.97829716193655,186.97829716193655,2.2022913628800587,12.26904965669539,1467.7309503433046,1.7469088761123073
213.68948247078464,213.68948247078464,2.516731320367228,13.078314959252701,1466.9216850407472,1.7233595979182357
240.40066777963273,240.40066777963273,2.831102049826665,13.876024549154655,1466.1239754508454,1.6973852372066722
267.1118530884808,267.1118530884808,3.1453949038253297,14.661055056146338,1465.3389449438537,1.669020226983997
293.8230383973289,293.8230383973289,3.4596012370723086,15.432300130303219,1464.5676998696968,1.6383027003783024
320.53422370617693,320.53422370617693,3.773712406656626,16.18867215839964,1463.8113278416004,1.605274434545995
347.245409015025,347.245409015025,4.087719772284986,16.929103951475927,1463.070896048524,1.5699807888806254
373.9565943238731,373.9565943238731,4.401614696519439,17.65255040092643,1462.3474495990736,1.5324706375889463
400.6677796327212,400.6677796327212,4.7153885450149735,18.35799010048062,1461.6420098995193,1.4927962967065596
427.3789649415693,427.3789649415693,5.029032686757022,19.044426931503594,1460.9555730684965,1.45101344563537
454.09015025041737,454.09015025041737,5.342538494298879,19.710891609100244,1460.2891083908999,1.4071810432924834
480.80133555926545,480.80133555926545,5.655897343999014,20.35644318656979,1459.6435568134302,1.3613612389702163
507.51252086811354,507.51252086811354,5.96910061625828,20.980170515823325,1459.0198294841766,1.313619278016426
534.2237061769616,534.2237061769616,6.282139695757021,21.581193661446925,1458.4188063385532,1.2640234024535997
560.9348914858097,560.9348914858097,6.595005971692046,22.1586652661665,1457.8413347338335,1.2126447466659356
587.6460767946578,587.6460767946578,6.9076908380135,22.711771865547778,1457.2882281344523,1.159557228292177
614.3572621035058,614.3572621035058,7.220185693661575,23.239735149845252,1456.7602648501547,1.1048374344750542
641.0684474123539,641.0684474123539,7.532481942803114,23.741813170998192,1456.2581868290017,1.0485645036258047
667.779632721202,667.779632721202,7.844570995068056,24.217301492858624,1455.7826985071413,0.9908200028744593
694.49081803005,694.49081803005,8.156444265785717,24.665534282826606,1455.3344657171733,0.9316878013866557
721.2020033388982,721.2020033388982,8.468093176220961,25.085885343161166,1454.9141146568388,0.8712539397373105
747.9131886477462,747.9131886477462,8.779509153810135,25.477769080331065,1454.522230919669,0.80960649554339
774.6243739565944,774.6243739565944,9.090683632396917,25.840641410868237,1454.1593585891317,0.7468354455659852
801.3355592654424,801.3355592654424,9.401608052467912,26.17400060228733,1453.8259993977126,0.6830325245030092
828.0467445742905,828.0467445742905,9.712273861388125,26.47738804773837,1453.5226119522617,0.6182910807029751
854.7579298831386,854.7579298831386,10.0226725136362,26.750388973164682,1453.2496110268353,0.5527059290383539
881.4691151919866,881.4691151919866,10.332795471039496,26.992633075845486,1453.0073669241544,0.4863732011861554
908.1803005008347,908.1803005008347,10.642634203008948,27.203795093311847,1452.7962049066882,0.41939019357142127
934.8914858096828,934.8914858096828,10.952180186773699,27.383595301735184,1452.616404698265,0.35185521323511393
961.6026711185309,961.6026711185309,11.261424907615572,27.53179994299974,1452.4682000570003,0.28386742189604647
988.3138564273789,988.3138564273789,11.570359859103243,27.64822157978381,1452.351778420216,0.2155266784807695
1015.0250417362271,1015.0250417362271,11.878976543326267,27.732719378089,1452.267280621911,0.14693338040124654
1041.736227045075,1041.736227045075,12.187266471128812,27.785199316772093,1452.2148006832278,0.07818830386368064
1068.4474123539233,1068.4474123539233,12.495221162343162,27.80561432375022,1452.1943856762498,0.00939244349467548
1095.1585976627712,1095.1585976627712,12.802832146023006,27.793964338666584,1452.2060356613333,-0.059353148425630706
1121.8697829716193,1121.8697829716193,13.11009096067644,27.75029630192099,1452.249703698079,-0.12794752283386887
1148.5809682804675,1148.5809682804675,13.416989154498697,27.674704070086356,1452.3252959299136,-0.1962899945663431
1175.2921535893156,1175.2921535893156,13.723518285604673,27.56732825784966,1452.4326717421504,-0.2642803025642164
1202.0033388981635,1202.0033388981635,14.029669922261094,27.42835600673234,1452.5716439932676,-0.3318187693129954
1228.7145242070117,1228.7145242070117,14.33543564311849,27.258020680961785,1452.7419793190381,-0.3988064592296304
1255.4257095158598,1255.4257095158598,14.64080703744281,27.056601490981304,1452.9433985090186,-0.46514533571450445
1282.1368948247077,1282.1368948247077,14.945775705346794,26.824423045200945,1453.175576954799,-0.5307384165899698
1308.8480801335559,1308.8480801335559,15.250333258021032,26.56185483070567,1453.4381451692943,-0.5954899276510971
1335.559265442404,1335.559265442404,15.554471317964696,26.269310623750442,1453.7306893762495,-0.659305454061885
1362.2704507512522,1362.2704507512522,15.858181519216,25.947247830983066,1454.052752169017,-0.7220920893346704
1388.9816360601,1388.9816360601,16.161455507582318,25.596166762446167,1454.4038332375537,-0.7837585816394674
1415.6928213689482,1415.6928213689482,16.46428494087,25.216609837517677,1454.7833901624824,-0.8442154771969422
1442.4040066777964,1442.4040066777964,16.7666614891138,24.80916072505623,1455.1908392749438,-0.9033752605171184
1469.1151919866445,1469.1151919866445,17.068576834806038,24.374443419122017,1455.625556580878,-0.961152491256033
1495.8263772954924,1495.8263772954924,17.370022673125405,23.9131212517462,1456.0868787482539,-1.017463937470422
1522.5375626043406,1522.5375626043406,17.670990712165384,23.425895844322184,1456.5741041556778,-1.072228705060581
1549.2487479131887,1549.2487479131887,17.971472673162317,22.913505999289182,1457.086494000711,-1.1253683632034912
1575.9599332220366,1575.9599332220366,18.27146029072317,22.376726533873622,1457.6232734661264,-1.1768070655857417
1602.6711185308848,1602.6711185308848,18.57094531305288,21.816367057745907,1458.183632942254,-1.2264716672573026
1629.382303839733,1629.382303839733,18.869919502181318,21.233270696539087,1458.7667293034608,-1.2742918369394163
1656.093489148581,1656.093489148581,19.168374634189906,20.6283127632619,1459.3716872367381,-1.320200164627826
1682.804674457429,1682.804674457429,19.46630249943783,20.002399379721513,1459.9976006202785,-1.3641322643437526
1709.5158597662771,1709.5158597662771,19.76369490278788,19.35646605015038,1460.6435339498496,-1.4060268718968234
1736.2270450751253,1736.2270450751253,20.060543663831847,18.691476189307892,1461.3085238106921,-1.4458259375326272
1762.9382303839732,1762.9382303839732,20.356840617115544,18.00841960739902,1461.991580392601,-1.4834747133486446
1789.6494156928213,1789.6494156928213,20.652577612363466,17.308310954221426,1462.6916890457785,-1.5189218353708591
1816.3606010016695,1816.3606010016695,20.947746514702892,16.592188125016644,1463.4078118749833,-1.5521194001950382
1843.0717863105176,1843.0717863105176,21.242339204887735,15.861110630561518,1464.1388893694384,-1.5830230361041269
1869.7829716193655,1869.7829716193655,21.536347579521816,15.116157934093325,1464.8838420659067,-1.611591968581728
1896.4941569282137,1896.4941569282137,21.82976355128183,14.358427757713706,1465.6415722422862,-1.6377890801517556
1923.2053422370618,1923.2053422370618,22.12257904913973,13.589034360965579,1466.4109656390344,-1.6615809644828372
1949.9165275459097,1949.9165275459097,22.414786018584806,12.80910679432045,1467.1908932056795,-1.682937974700757
1976.6277128547579,1976.6277128547579,22.706376421845196,12.019787130353789,1467.9802128696463,-1.7018342658636776
2003.338898163606,2003.338898163606,22.997342238108992,11.22222867542099,1468.777771324579,-1.718247831560754
2030.0500834724542,2030.0500834724542,23.28767546374489,10.417594164677004,1469.582405835323,-1.7321605345996973
2056.761268781302,2056.761268781302,23.577368112522326,9.607053943309314,1470.3929460566908,-1.7435581317587254
2083.47245409015,2083.47245409015,23.86641221583115,8.791784136875071,1471.208215863125,-1.7524302925828543
2110.1836393989984,2110.1836393989984,24.15479982290085,7.972964813650461,1472.0270351863496,-1.7587706122111915
2136.8948247078465,2136.8948247078465,24.44252300101921,7.151778141912514,1472.8482218580875,-1.7625766182276943
2163.6060100166947,2163.6060100166947,24.729573835750557,6.329406545081478,1473.6705934549186,-1.7638497715341153
2190.3171953255423,2190.3171953255423,25.015944431153443,5.507030857654585,1474.4929691423454,-1.7625954612491668
2217.0283806343905,2217.0283806343905,25.301626909997847,4.6858284848605285,1475.3141715151394,-1.7588229936450606
2243.7395659432386,2243.7395659432386,25.586613413981844,3.8669715689578097,1476.1330284310422,-1.7525455751352352
2270.450751252087,2270.450751252087,25.87089610394778,3.051625165088622,1476.9483748349114,-1.7437802893372538
2297.161936560935,2297.161936560935,26.154467160097887,2.240945429584808,1477.7590545704152,-1.7325480682369934
2323.873121869783,2323.873121869783,26.437318782209406,1.4360778236018152,1478.5639221763981,-1.7188736574869399
2350.584307178631,2350.584307178631,26.71944318984913,0.6381553349319111,1479.361844665068,-1.7027855758797557
2377.295492487479,2377.295492487479,27.00083262258742,-0.1517032791815891,1480.1517032791817,-1.6843160690414856
2404.006677796327,2404.006677796327,27.281479340211696,-0.932395225441242,1480.9323952254413,-1.663501057397915
2430.717863105175,2430.717863105175,27.561375622939316,-1.7028353813538668,1481.702835381354,-1.640380078471335
2457.4290484140233,2457.4290484140233,27.84051377162994,-2.461957972843656,1482.4619579728437,-1.6149962235761688
2484.1402337228715,2484.1402337228715,28.11888610799732,-3.2087182199603337,1483.2087182199602,-1.587396068984363
2510.8514190317196,2510.8514190317196,28.39648497482049,-3.942093948073693,1483.9420939480738,-1.5576296016432467
2537.5626043405678,2537.5626043405678,28.67330273615441,-4.6610871620015635,1484.6610871620016,-1.5257501395331463
2564.2737896494154,2564.2737896494154,28.949331777539992,-5.364725580577628,1485.3647255805777,-1.4918142467631412
2590.9849749582636,2590.9849749582636,29.22456450621358,-6.052064129229152,1486.0520641292292,-1.4558816435094803
2617.6961602671117,2617.6961602671117,29.498993351315775,-6.722186388201712,1486.7221863882016,-1.4180151109093326
2644.40734557596,2644.40734557596,29.772610764099685,-7.374205994139557,1487.3742059941396,-1.378280391036001
2671.118530884808,2671.118530884808,30.04540921813861,-8.00726799280472,1488.0072679928048,-1.3367460820843127
2697.829716193656,2697.829716193656,30.31738120953301,-8.620550140796439,1488.6205501407965,-1.2934835289093016
2724.5409015025043,2724.5409015025043,30.588519257117,-9.213264154214038,1489.2132641542141,-1.248566709069676
2751.2520868113525,2751.2520868113525,30.85881590266405,-9.78465690229152,1489.7846569022915,-1.2020721145335684
2777.9632721202,2777.9632721202,31.128263711092174,-10.334011544120358,1490.3340115441204,-1.1540786292200704
2804.6744574290483,2804.6744574290483,31.396855270668485,-10.860648606667723,1490.8606486066678,-1.1046674025535457
2831.3856427378964,2831.3856427378964,31.66458319321299,-11.363927002391769,1491.3639270023918,-1.0539217192208947
2858.0968280467446,2858.0968280467446,31.931440114301903,-11.843244984852241,1491.8432449848522,-1.0019268653294797
2884.8080133555927,2884.8080133555927,32.19741869347015,-12.298041040813507,1492.2980410408136,-0.9487699911747947
2911.519198664441,2911.519198664441,32.46251161441331,-12.727794717439352,1492.7277947174393,-0.8945399708316721
2938.230383973289,2938.230383973289,32.7267115851889,-13.132027383282303,1493.1320273832823,-0.8393272587971163
2964.9415692821367,2964.9415692821367,32.9900113384169,-13.510302921876155,1493.5103029218762,-0.7832237439162201
2991.652754590985,2991.652754590985,33.252403631479666,-13.862228356848663,1493.8622283568486,-0.7263226008328486
3018.363939899833,3018.363939899833,33.51388124672122,-14.187454407580265,1494.1874544075802,-0.6687181392128183
3045.075125208681,3045.075125208681,33.774436991645686,-14.485675974546208,1494.4856759745462,-0.6105056509959171
3071.7863105175293,3071.7863105175293,34.034063699115194,-14.756632553591858,1494.7566325535918,-0.5517812559362378
3098.4974958263774,3098.4974958263774,34.29275422754704,-15.000108578504383,1495.0001085785043,-0.4926417456983459
3125.2086811352256,3125.2086811352256,34.55050146111008,-15.215933691359021,1495.215933691359,-0.4331844267795506
3151.9198664440733,3151.9198664440733,34.807298309920526,-15.403982940233147,1495.4039829402332,-0.3735069625335479
3178.6310517529214,3178.6310517529214,35.0631377102369,-15.564176903998058,1495.564176903998,-0.3137072145742078
3205.3422370617695,3205.3422370617695,35.3180126246544,-15.696481744014317,1495.6964817440144,-0.2538830838381133
3232.0534223706177,3232.0534223706177,35.57191604229845,-15.800909182673932,1495.8009091826739,-0.1941323515886022
3258.764607679466,3258.764607679466,35.824840979017544,-15.877516408849127,1495.877516408849,-0.13455252064413153
3285.475792988314,3285.475792988314,36.07678047757535,-15.926405910424604,1495.9264059104246,-0.0752406571114422
3312.186978297162,3312.186978297162,36.32772760784214,-15.947725234206407,1495.9477252342065,-0.01629323290546565
3338.89816360601,3338.89816360601,36.57767546698535,-15.941666673616853,1495.941666673617,0.04219403066622078
3365.609348914858,3365.609348914858,36.826617179659486,-15.908466884700164,1495.9084668847001,0.10012631797715003
3392.320534223706,3392.320534223706,37.074545898195275,-15.848406431078198,1495.8484064310783,0.15740987254341807
3419.0317195325542,3419.0317195325542,37.32145480278795,-15.761809258608782,1495.7618092586088,0.21395214860341935
3445.7429048414024,3445.7429048414024,37.56733710168492,-15.649042100612053,1495.649042100612,0.2696619605548119
3472.4540901502505,3472.4540901502505,37.81218603137254,-15.510513814640477,1495.5105138146405,0.3244496299905179
3499.1652754590987,3499.1652754590987,38.05599485676219,-15.346674651878125,1495.3466746518782,0.378227130084852
3525.8764607679464,3525.8764607679464,38.2987568713755,-15.158015460361982,1495.158015460362,0.43090822708669124
3552.5876460767945,3552.5876460767945,38.540465397528884,-14.945066823323918,1494.945066823324,0.4824086186831594
3579.2988313856426,3579.2988313856426,38.78111378651716,-14.708398134055638,1494.7083981340556,0.5326460690084486
3606.010016694491,3606.010016694491,39.020695418796464,-14.44861660880009,1494.4486166088002,0.5815405400786422
3632.721202003339,3632.721202003339,39.25920370416636,-14.166366239271891,1494.1663662392718,0.6290143194427729
3659.432387312187,3659.432387312187,39.49663208195106,-13.862326686505677,1493.8623266865056,0.6749921438504665
3686.143572621035,3686.143572621035,39.73297402117996,-13.53721211782496,1493.537212117825,0.7194013187451003
3712.854757929883,3712.854757929883,39.96822302076721,-13.191769988814933,1493.191769988815,0.7621718334025737
3739.565943238731,3739.565943238731,40.20237260969063,-12.826779772270005,1492.82677977227,0.8032364715437155
3766.277128547579,3766.277128547579,40.43541634716961,-12.443051636172344,1492.4430516361724,0.8425309172582025
3792.9883138564273,3792.9883138564273,40.66734782284234,-12.041425072838031,1492.0414250728381,0.8799938560925501
3819.6994991652755,3819.6994991652755,40.89816065694215,-11.622767481446044,1491.622767481446,0.9155670711559856
3846.4106844741236,3846.4106844741236,41.12784850047297,-11.187972706239288,1491.1879727062392,0.9491955341159738
3873.1218697829718,3873.1218697829718,41.35640503538396,-10.737959532757852,1490.737959532758,0.9808274909601196
3899.8330550918195,3899.8330550918195,41.58382397474333,-10.27367014453125,1490.2736701445313,1.010414542412246
3926.5442404006676,3926.5442404006676,41.810099062911284,-9.796068542719706,1489.7960685427197,1.0379117189004003
3953.2554257095157,3953.2554257095157,42.03522407571206,-9.306138931253665,1489.3061389312536,1.063277549980661
3979.966611018364,3979.966611018364,42.25919282060514,-8.80488407007538,1488.8048840700753,1.0864741281337553
4006.677796327212,4006.677796327212,42.48199913685564,-8.293323599137443,1488.2933235991375,1.1074671668567557
4033.38898163606,4033.38898163606,42.70363689570372,-7.772492335859825,1487.7724923358599,1.1262260529820687
4060.1001669449083,4060.1001669449083,42.92410000053317,-7.243438548788894,1487.2434385487888,1.1427238931621528
4086.811352253756,4086.811352253756,43.14338238703918,-6.707222210240293,1486.7072222102404,1.156937554471137
4113.522537562604,4113.522537562604,43.36147802339505,-6.16491323074035,1486.1649132307402,1.1688476990744523
4140.233722871452,4140.233722871452,43.57838091041816,-5.61758967811036,1485.6175896781103,1.1784388129307264
4166.9449081803,4166.9449081803,43.79408508173503,-5.066335984061848,1485.0663359840619,1.1856992284979486
4193.656093489149,4193.656093489149,44.00858460394534,-4.512241141191559,1484.5122411411915,1.1906211414167516
4220.367278797997,4220.367278797997,44.22187357678523,-3.956396893279251,1483.9563968932794,1.1932006211574582
4247.078464106845,4247.078464106845,44.433946133289574,-3.39989592180331,1483.3998959218034,1.1934376156193
4273.789649415693,4273.789649415693,44.644796439953325,-2.8438300315940905,1482.843830031594,1.1913359496795481
4300.500834724541,4300.500834724541,44.85441869689202,-2.2892883385473137,1482.2892883385473,1.1869033176949377
4327.212020033389,4327.212020033389,45.06280713800132,-1.7373554623165826,1481.7373554623166,1.1801512699657968
4353.923205342237,4353.923205342237,45.26995603111558,-1.1891097268962145,1481.1891097268963,1.1710951931769014
4380.634390651085,4380.634390651085,45.47585967816558,-0.6456213719942865,1480.6456213719944,1.1597542848406686
4407.345575959933,4407.345575959933,45.680512415335194,-0.10795077807837866,1480.1079507780785,1.1461515217656508
4434.056761268781,4434.056761268781,45.88390861321725,0.42285329204299954,1479.577146707957,1.1303136225902755
4460.767946577629,4460.767946577629,46.086042676968354,0.9457554322666604,1479.0542445677333,1.1122710044190154
4487.479131886477,4487.479131886477,46.28690904646276,1.459735310059784,1478.5402646899402,1.0920577336096315
4514.190317195325,4514.190317195325,46.48650219644536,1.9637893583688832,1478.0362106416312,1.06971147076349
4540.901502504174,4540.901502504174,46.68481663668364,2.4569324398338095,1477.5430675601663,1.045273409979142
4567.612687813022,4567.612687813022,46.88184691211871,2.9381994806086076,1477.0618005193915,1.0187882124325545
4594.32387312187,4594.32387312187,47.07758760301536,3.4066470711345334,1476.5933529288654,0.9903039343558604
4621.035058430718,4621.035058430718,47.27203332511111,3.861355031256753,1476.1386449687432,0.9598719494908405
4647.746243739566,4647.746243739566,47.46517872976436,4.30142793712575,1475.6985720628743,0.9275468660955806
4674.457429048414,4674.457429048414,47.657018504101515,4.725996607375581,1475.2740033926243,0.8933864385933928
4701.168614357262,4701.168614357262,47.84754737116306,5.134219546124074,1474.865780453876,0.8574514739493266
4727.879799666111,4727.879799666111,48.036760090048816,5.525284340394696,1474.4747156596054,0.8198057328685378
4754.590984974958,4754.590984974958,48.22465145606199,5.898409009614074,1474.1015909903858,0.7805158259096722
4781.302170283806,4781.302170283806,48.411216300852466,6.25284330489423,1473.7471566951058,0.7396511046064651
4808.013355592654,4808.013355592654,48.59644949255886,6.587869955861693,1473.4121300441384,0.6972835476919175
4834.724540901502,4834.724540901502,48.78034593594974,6.902805862847666,1473.0971941371524,0.6534876425142224
4861.43572621035,4861.43572621035,48.962900572563754,7.19700323230153,1472.8029967676985,0.6083402617299666
4888.1469115191985,4888.1469115191985,49.14410838084881,7.469850653334664,1472.5301493466654,0.5619205353512515
4914.858096828047,4914.858096828047,49.32396437630019,7.720774113339628,1472.2792258866605,0.5143097182138742
4941.569282136895,4941.569282136895,49.50246361159761,7.949237950661459,1472.0507620493386,0.4655910529185482
4968.280467445743,4968.280467445743,49.6796011767414,8.154745742320262,1471.8452542576797,0.4158496282809972
4994.991652754591,4994.991652754591,49.855372199187485,8.336841124795804,1471.663158875204,0.3651722333027738
5021.702838063439,5021.702838063439,50.029771843981436,8.495108545883655,1471.5048914541164,0.3136472066502242
5048.414023372287,5048.414023372287,50.2027953138915,8.62917394561622,1471.3708260543838,0.2613642815952007
5075.1252086811355,5075.1252086811355,50.3744378495405,8.738705364207757,1471.2612946357922,0.20841442633646837
5101.836393989984,5101.836393989984,50.54469472953679,8.823413474928918,1471.1765865250711,0.15488967957551567
5128.547579298831,5128.547579298831,50.713561270604146,8.883052039738928,1471.116947960261,0.1008829811723453
5155.258764607679,5155.258764607679,50.88103282771053,8.917418285401343,1471.0825817145987,0.046487997651575276
5181.969949916527,5181.969949916527,51.04710479419589,8.926353197677718,1471.0736468023222,-0.008201057733506496
5208.681135225375,5208.681135225375,51.211772601898915,8.909741731031042,1471.090258268969,-0.06308961073999302
5235.3923205342235,5235.3923205342235,51.375031721282625,8.867512931073604,1471.1324870689264,-0.11808291811223881
5262.103505843072,5262.103505843072,51.53687766155901,8.799639966759848,1471.2003600332403,-0.17308626631340662
5288.81469115192,5288.81469115192,51.697305970812536,8.706140069051509,1471.2938599309484,-0.22800517761351294
5315.525876460768,5315.525876460768,51.85631223612264,8.587074372467242,1471.4129256275328,-0.28274562422506705
5342.237061769616,5342.237061769616,52.01389208368505,8.4425476555717,1471.5574523444284,-0.33721425127123417
5368.948247078464,5368.948247078464,52.170041178932166,8.272707976057962,1471.727292023942,-0.3913186094634312
5395.659432387312,5395.659432387312,52.324755226652265,8.077746195633354,1471.9222538043666,-0.44496739845757455
5422.3706176961605,5422.3706176961605,52.47802997110764,7.85789538943345,1472.1421046105665,-0.4980707219461873
5449.081803005009,5449.081803005009,52.629861196151644,7.613430134164836,1472.386569865835,-0.550540355621095
5475.792988313857,5475.792988313857,52.78024472534472,7.344665668620226,1472.6553343313797,-0.6022900292131824
5502.504173622705,5502.504173622705,52.92917642206927,7.051956919624484,1472.9480430803756,-0.6532357238610247
5529.215358931552,5529.215358931552,53.07665218964337,6.73569738586829,1473.2643026141318,-0.7032959860967661
5555.9265442404,5555.9265442404,53.22266797143355,6.396317871477848,1473.6036821285222,-0.7523922597305496
5582.637729549248,5582.637729549248,53.36721975096636,6.0342850605694816,1473.9657149394304,-0.8004492368902573
5609.348914858097,5609.348914858097,53.510303552038785,5.650099923465797,1474.3499000765341,-0.8473952293880785
5636.060100166945,5636.060100166945,53.65191543882769,5.244295944725552,1474.7557040552745,-0.8931625614693308
5662.771285475793,5662.771285475793,53.79205151599808,4.817437162689872,1475.1825628373101,-0.9376879848069052
5689.482470784641,5689.482470784641,53.93070792881021,4.3701160098993785,1475.6298839901006,-0.9809131163577474
5716.193656093489,5716.193656093489,54.06788086322563,3.902950943527627,1476.0970490564723,-1.0227848993731732
5742.904841402337,5742.904841402337,54.20356654601214,3.4165838549378478,1476.583416145062,-1.063256087434168
5769.616026711185,5769.616026711185,54.33776124484751,2.911677247650206,1477.0883227523498,-1.1022857508944155
5796.327212020034,5796.327212020034,54.47046126842222,2.3889111734436876,1477.6110888265564,-1.1398398044928781
5823.038397328882,5823.038397328882,54.60166296654091,1.8489799170645378,1478.1510200829355,-1.175891554202665
5849.74958263773,5849.74958263773,54.7313627302229,1.292588421117695,1478.7074115788823,-1.2104222605498842
5876.460767946578,5876.460767946578,54.859556991801334,0.7204484442345294,1479.2795515557655,-1.2434217147089381
5903.171953255425,5903.171953255425,54.986242225021435,0.13327444759104534,1479.866725552409,-1.274888822623159
5929.883138564273,5929.883138564273,55.111414945137426,-0.4682207926525776,1480.4682207926526,-1.3048321912470073
5956.5943238731215,5956.5943238731215,55.2350717090084,-1.0833308463540614,1481.083330846354,-1.3332707097286238
5983.30550918197,5983.30550918197,55.357209115193044,-1.7113605595200485,1481.71136055952,-1.3602341169966434
6010.016694490818,6010.016694490818,55.47782380404322,-2.3516312449188588,1482.351631244919,-1.3857635457700548
6036.727879799666,6036.727879799666,55.59691245779633,-3.0034861195111997,1483.0034861195113,-1.4099120315029992
6063.439065108514,6063.439065108514,55.714471800666594,-3.6662959693072694,1483.6662959693072,-1.4327449732486877
6090.150250417362,6090.150250417362,55.830498598935215,-4.339465015816339,1484.3394650158164,-1.4543405318687144
6116.86143572621,6116.86143572621,55.944989661039216,-5.0224369511007785,1485.0224369511009,-1.4747899495251902
6143.572621035059,6143.572621035059,56.05794183765938,-5.7147011006107835,1485.7147011006107,-1.4941977729390354
6170.283806343907,6170.283806343907,56.16935202180673,-6.415798664501876,1486.4157986645018,-1.5126819616116634
6196.994991652755,6196.994991652755,56.27921714890809,-7.125328979097204,1487.1253289790973,-1.5303738610554491
6223.706176961603,6223.706176961603,56.38753419689033,-7.842955730648176,1487.842955730648,-1.5474180202064363
6250.417362270451,6250.417362270451,56.49430018626353,-8.568413043691148,1488.5684130436912,-1.56397183158272
6277.128547579298,6277.128547579298,56.59951218020293,-9.30151135625477,1489.3015113562549,-1.5802049725275253
6303.8397328881465,6303.8397328881465,56.70316728462971,-10.042142984118465,1490.0421429841185,-1.5962986260849534
6330.550918196995,6330.550918196995,56.805262648290565,-10.790287266481043,1490.790287266481,-1.6124444607306514
6357.262103505843,6357.262103505843,56.90579546283621,-11.546015176005302,1491.5460151760053,-1.6288433494569075
6383.973288814691,6383.973288814691,57.00476296289853,-12.309493267538699,1492.3094932675388,-1.6457038105593513
6410.684474123539,6410.684474123539,57.10216242616676,-13.080986832164108,1493.0809868321642,-1.663240155028215
6437.395659432387,6437.395659432387,57.19799117346225,-13.860862116930873,1493.8608621169308,-1.6816703286695978
6464.106844741235,6464.106844741235,57.29224656881228,-14.649587465987318,1494.6495874659872,-1.7012134410902116
6490.8180300500835,6490.8180300500835,57.38492601952247,-15.447733236224687,1495.4477332362246,-1.7220869783791493
6517.529215358932,6517.529215358932,57.47602697624814,-16.255970340302074,1496.2559703403022,-1.7445037018312775
6544.24040066778,6544.24040066778,57.56554693306445,-17.075067272382277,1497.0750672723823,-1.7686682412338102
6570.951585976628,6570.951585976628,57.653483427535285,-17.905885477404674,1497.9058854774046,-1.794773398125539
6597.662771285476,6597.662771285476,57.73983404078106,-18.74937293353947,1498.7493729335395,-1.8229961819275302
6624.373956594324,6624.373956594324,57.82459639754517,-19.60655582987449,1499.6065558298744,-1.8534936098215065
6651.0851419031715,6651.0851419031715,57.90776816625939,-20.478528237581983,1500.478528237582,-1.8863983096528891
6677.79632721202,6677.79632721202,57.989347059107985,-21.366439692950095,1501.36643969295,-1.9218139737309534
6704.507512520868,6704.507512520868,58.06933083209066,-22.271480634805403,1502.2714806348054,-1.9598107200958923
6731.218697829716,6731.218697829716,58.147717285084234,-23.19486566699422,1503.1948656669942,-2.000420426340161
6757.929883138564,6757.929883138564,58.22450426190325,-24.13781464861113,1504.137814648611,-2.0436321092594243
6784.641068447412,6784.641068447412,58.299689650359184,-25.101531650355426,1505.1015316503554,-2.0893874311546146
6811.35225375626,6811.35225375626,58.37327138231863,-26.087181854433567,1506.0871818544335,-2.137576420317643
6838.0634390651085,6838.0634390651085,58.44524743376013,-27.09586651736105,1507.095866517361,-2.188033498786026
6864.774624373957,6864.774624373957,58.51561582482987,-28.128596159299423,1508.1285961592994,-2.2405339146197414
6891.485809682805,6891.485809682805,58.58437461989616,-29.186262189508877,1509.1862621895089,-2.2947906784644636
6918.196994991653,6918.196994991653,58.65152192760264,-30.26960722432368,1510.2696072243236,-2.3504521047594777
6944.908180300501,6944.908180300501,58.717055900920336,-31.37919440087062,1511.3791944008706,-2.407100056451194
6971.619365609349,6971.619365609349,58.78097473719844,-32.51537603557094,1512.5153760355709,-2.4642489882650933
6998.330550918197,6998.330550918197,58.84327667821394,-33.678262020233724,1513.6782620202337,-2.5213458773893445
7025.0417362270455,7025.0417362270455,58.90396001021991,-34.86768838915319,1514.8676883891533,-2.577771121728249
7051.752921535893,7051.752921535893,58.96302306399274,-36.083186526915185,1516.0831865269151,-2.632840474741474
7078.464106844741,7078.464106844741,59.02046421487798,-37.32395351744905,1517.3239535174491,-2.685808072336955
7105.175292153589,7105.175292153589,59.07628188283507,-38.58882415909924,1518.5888241590992,-2.735870591533478
7131.886477462437,7131.886477462437,59.13047453248076,-39.876245187061066,1519.8762451870612,-2.7821725628538045
7158.597662771285,7158.597662771285,59.1830406731314,-41.184252252433296,1521.1842522524332,-2.8238128390022017
7185.308848080133,7185.308848080133,59.233978858843905,-42.51045020551547,1522.5104502055156,-2.8598522016644585
7212.020033388982,7212.020033388982,59.28328768845556,-43.85199721909483,1523.8519972190948,-2.8893220666889654
7238.73121869783,7238.73121869783,59.330965805622505,-45.20559326478115,1525.205593264781,-2.911234225916738
7265.442404006678,7265.442404006678,59.377011898857106,-46.56747342162288,1526.567473421623,-2.9245915419859587
7292.153589315526,7292.153589315526,59.42142470156401,-47.93340645116738,1527.9334064511675,-2.9283994910135904
7318.864774624374,7318.864774624374,59.46420299207495,-49.298699016959716,1529.2986990169597,-2.9216784275758463
7345.575959933222,7345.575959933222,59.50534559368243,-50.65820585961742,1530.6582058596175,-2.903476427259737
7372.28714524207,7372.28714524207,59.544851374671985,-52.00634616175757,1532.0063461617576,-2.8728825445778328
7398.998330550919,7398.998330550919,59.58271924835342,-53.33712625114437,1533.3371262511444,-2.8290403085026554
7425.709515859766,7425.709515859766,59.61894817309062,-54.644168696691885,1534.6441686966918,-2.771161264507931
7452.420701168614,7452.420701168614,59.65353715233026,-55.92074775187465,1535.9207477518746,-2.6985383609919182
7479.131886477462,7479.131886477462,59.68648523462915,-57.15983099536932,1537.1598309953692,-2.6105589694616023
7505.84307178631,7505.84307178631,59.71779151368049,-58.35412691128253,1538.3541269112825,-2.506717322036857
7532.554257095158,7532.554257095158,59.74745512833873,-59.496138043172394,1539.4961380431723,-2.3866261468751913
7559.2654424040065,7559.2654424040065,59.7754752626433,-60.57821924943495,1540.578219249435,-2.250027282262633
7585.976627712855,7585.976627712855,59.80185114584102,-61.59264048475393,1541.592640484754,-2.0968010536184543
7612.687813021703,7612.687813021703,59.82658205240736,-62.531653435475015,1542.531653435475,-1.9269742049176
7639.398998330551,7639.398998330551,59.84966730206631,-63.387561248198,1543.387561248198,-1.7407261873858293
7666.110183639399,7666.110183639399,59.87110625980917,-64.15279051271828,1544.1527905127182,-1.5383936242294396
7692.821368948247,7692.821368948247,59.89089833591197,-64.81996459467612,1544.819964594676,-1.3204727909897127
7719.532554257095,7719.532554257095,59.909042985951736,-65.38197736166339,1545.3819773616633,-1.0876199771737352
7746.2437395659435,7746.2437395659435,59.92553971082141,-65.83206631060797,1545.832066310608,-0.8406496262880842
7772.954924874792,7772.954924874792,59.94038805674362,-66.16388408521468,1546.1638840852147,-0.580530188185974
7799.666110183639,7799.666110183639,59.95358761528315,-66.37156737095194,1546.3715673709519,-0.308377659425831
7826.377295492487,7826.377295492487,59.96513802335817,-66.4498021720234,1546.4498021720233,-0.02544683338534574
7853.088480801335,7853.088480801335,59.97503896325025,-66.39388451004012,1546.3938845100402,0.26687966882867725
7879.799666110183,7879.799666110183,59.98329016261303,-66.19977563739421,1546.1997756373942,0.5671044645671137
7906.5108514190315,7906.5108514190315,59.98989139447982,-65.86415092889285,1545.8641509288927,0.8736303996559487
7933.22203672788,7933.22203672788,59.994842477269714,-65.384441701913,1545.384441701913,1.1847772397680676
7959.933222036728,7959.933222036728,59.99814327479272,-64.75886931666837,1544.7588693166683,1.4987997954468801
7986.644407345576,7986.644407345576,59.999793696253384,-63.98647102228254,1543.9864710222826,1.8139071739722972
8013.355592654424,8013.355592654424,59.999793696253384,-63.06711713906725,1543.0671171390672,2.1282828201004547
8040.066777963272,8040.066777963272,59.99814327479272,-62.00151930029332,1542.0015193002932,2.440104986130919
8066.77796327212,8066.77796327212,59.994842477269714,-60.79122961518959,1540.7912296151896,2.747567260816809
8093.4891485809685,8093.4891485809685,59.98989139447982,-59.438630756155334,1539.4386307561554,3.0488987868785475
8120.200333889817,8120.200333889817,59.98329016261303,-57.94691711440117,1537.9469171144012,3.3423838082992403
8146.911519198665,8146.911519198665,59.97503896325025,-56.32006730661044,1536.3200673066103,3.626380210412144
8173.622704507512,8173.622704507512,59.96513802335818,-54.562808447986946,1534.562808447987,3.899336746933934
8200.33388981636,8200.33388981636,59.95358761528315,-52.68057273160136,1532.6805727316014,4.15980868677859
8227.045075125208,8227.045075125208,59.94038805674362,-50.679446967847845,1530.6794469678478,4.406471657850197
8253.756260434056,8253.756260434056,59.92553971082141,-48.566115838907436,1528.5661158389075,4.638133512855335
8280.467445742905,8280.467445742905,59.909042985951736,-46.34779970953145,1526.3477997095315,4.8537440914776635
8307.178631051753,8307.178631051753,59.89089833591197,-44.032187905694336,1524.0321879056944,5.0524028019958545
8333.8898163606,8333.8898163606,59.87110625980917,-41.62736842558759,1521.6273684255875,5.2333639919908315
8360.601001669449,8360.601001669449,59.84966730206631,-39.141755082314745,1519.1417550823148,5.396040120821683
8387.312186978297,8387.312186978297,59.82658205240736,-36.584013094171596,1516.5840130941715,5.540002785098814
8414.023372287145,8414.023372287145,59.80185114584103,-33.96298413665885,1513.9629841366589,5.664981681972714
8440.734557595993,8440.734557595993,59.7754752626433,-31.287611850859722,1511.2876118508598,5.770861623406595
8467.445742904842,8467.445742904842,59.74745512833873,-28.566868766391448,1508.5668687663915,5.857677737927284
8494.15692821369,8494.15692821369,59.71779151368049,-25.809685545024436,1505.8096855450244,5.925609014887405
8520.868113522538,8520.868113522538,59.68648523462915,-23.02488338476658,1503.0248833847666,5.974970360593988
8547.579298831386,8547.579298831386,59.65353715233026,-20.221110345521062,1500.221110345521,6.006203346216207
8574.290484140234,8574.290484140234,59.61894817309062,-17.40678226832422,1497.4067822683242,6.019865834775552
8601.001669449082,8601.001669449082,59.58271924835342,-14.590028862801852,1494.5900288628018,6.016620679170911
8627.71285475793,8627.71285475793,59.544851374671985,-11.778645434081092,1491.778645434081,5.997223685480062
8654.424040066779,8654.424040066779,59.50534559368243,-8.980050613241492,1488.9800506132415,5.962511035978581
8681.135225375627,8681.135225375627,59.46420299207495,-6.201250346736678,1486.2012503467367,5.9133863645312
8707.846410684475,8707.846410684475,59.42142470156401,-3.4488082922638377,1483.448808292264,5.850807673341929
8734.557595993323,8734.557595993323,59.377011898857106,-0.7288226633638821,1480.7288226633639,5.775774274406982
8761.26878130217,8761.26878130217,59.330965805622505,1.9530905354841224,1478.046909464516,5.689313931408525
8787.979966611018,8787.979966611018,59.283287688455566,4.591808035652042,1475.408191964348,5.592470368087071
8814.691151919866,8814.691151919866,59.23397885884391,7.182703831691994,1472.817296168308,5.486291297381838
8841.402337228714,8841.402337228714,59.1830406731314,9.721648025064106,1470.278351974936,5.37181711178899
8868.113522537562,8868.113522537562,59.13047453248076,12.205000367266384,1467.7949996327336,5.250070359644916
8894.82470784641,8894.82470784641,59.07628188283507,14.629598941791247,1465.3704010582087,5.122046114534243
8921.535893155258,8921.535893155258,59.02046421487798,16.992744469605263,1463.0072555303948,4.988703326085352
8948.247078464106,8948.247078464106,58.96302306399275,19.292180756826113,1460.7078192431738,4.85095722041771
8974.958263772955,8974.958263772955,58.90396001021991,21.526071826057454,1458.4739281739426,4.709672797851534
9001.669449081803,9001.669449081803,58.84327667821394,23.69297628477153,1456.3070237152285,4.565659454718165
9028.38063439065,9028.38063439065,58.78097473719845,25.79181948574637,1454.2081805142536,4.419666735650946
9055.091819699499,9055.091819699499,58.71705590092034,27.821864026589843,1452.1781359734102,4.272381203142991
9081.803005008347,9081.803005008347,58.651521927602644,29.782679118691732,1450.2173208813083,4.124424392822055
9108.514190317195,9108.514190317195,58.58437461989616,31.674109331527976,1448.325890668472,3.9763518062728287
9135.225375626043,9135.225375626043,58.51561582482988,33.49624318717457,1446.5037568128255,3.8286528786080383
9161.936560934892,9161.936560934892,58.44524743376013,35.249382043304976,1444.7506179566951,3.681751845642178
9188.64774624374,9188.64774624374,58.373271382318634,36.93400966199429,1443.0659903380058,3.5360094255879764
9215.358931552588,9215.358931552588,58.29968965035919,38.55076281748852,1441.4492371825115,3.3917252227578163
9242.070116861436,9242.070116861436,58.22450426190325,40.10040324982691,1439.899596750173,3.2491407558091625
9268.781302170284,9268.781302170284,58.14771728508424,41.58379122389634,1438.4162087761038,3.108443010515428
9295.492487479132,9295.492487479132,58.069330832090664,43.001860906129025,1436.998139093871,2.9697684167580225
9322.20367278798,9322.20367278798,57.989347059107985,44.355597724525964,1435.644402275474,2.8332071511795536
9348.914858096829,9348.914858096829,57.907768166259395,45.64601783278914,1434.353982167211,2.6988076705164934
9375.626043405677,9375.626043405677,57.82459639754517,46.8741497567552,1433.1258502432447,2.5665813857332576
9402.337228714525,9402.337228714525,57.73983404078106,48.04101826160734,1431.9589817383926,2.436507393469188
9429.048414023373,9429.048414023373,57.653483427535285,49.147630441946866,1430.8523695580532,2.308537188668061
9455.759599332221,9455.759599332221,57.56554693306445,50.194964004062285,1429.8050359959377,2.1825992903413147
9482.47078464107,9482.47078464107,57.476026976248136,51.18395768086296,1428.816042319137,2.0586037209288217
9509.181969949916,9509.181969949916,57.38492601952247,52.11550369506114,1427.884496304939,1.9364462884551312
9535.893155258764,9535.893155258764,57.29224656881229,52.990442165313084,1427.0095578346868,1.8160126293829149
9562.604340567612,9562.604340567612,57.197991173462256,53.80955733309776,1426.1904426669023,1.697181978584076
9589.31552587646,9589.31552587646,57.10216242616676,54.57357547498982,1425.4264245250101,1.5798306409874554
9616.026711185308,9616.026711185308,57.00476296289854,55.28316435545861,1424.7168356445413,1.463835147119874
9642.737896494156,9642.737896494156,56.90579546283622,55.93893406915731,1424.0610659308427,1.349075081808199
9669.449081803004,9669.449081803004,56.80526264829057,56.5414391185572,1423.4585608814427,1.235435581695973
9696.160267111853,9696.160267111853,56.703167284629714,57.091181572417184,1422.908818427583,1.1228095028903815
9722.8714524207,9722.8714524207,56.599512180202936,57.58861515262367,1422.4113848473764,1.011099264974169
9749.582637729549,9749.582637729549,56.49430018626353,58.03415010104905,1421.9658498989509,0.9002183817908578
9776.293823038397,9776.293823038397,56.38753419689033,58.42815868391955,1421.5718413160805,0.790092692843026
9803.005008347245,9803.005008347245,56.27921714890809,58.77098119842513,1421.229018801575,0.6806613118809097
9829.716193656093,9829.716193656093,56.16935202180673,59.06293235463231,1420.9370676453677,0.5718773113210635
9856.427378964941,9856.427378964941,56.057941837659385,59.30430791488017,1420.6956920851198,0.46370816260023107
9883.13856427379,9883.13856427379,55.94498966103922,59.495391482484536,1420.5046085175154,0.35613595346095767
9909.849749582638,9909.849749582638,55.83049859893521,59.63646134150187,1420.363538658498,0.24915740359329602
9936.560934891486,9936.560934891486,55.714471800666594,59.72779725930216,1420.2722027406978,0.1427837000222816
9963.272120200334,9963.272120200334,55.59691245779633,59.76968717358708,1420.230312826413,0.037040173276898035
9989.983305509182,9989.983305509182,55.477823804043226,59.76243369511174,1420.2375663048883,-0.06803416532167982
10016.69449081803,10016.69449081803,55.35720911519305,59.70636036660468,1420.2936396333953,-0.1723872058123371
10043.405676126878,10043.405676126878,55.2350717090084,59.60181762713049,1420.3981823728695,-0.27595442284701893
10070.116861435727,10070.116861435727,55.111414945137426,59.44918843933747,1420.5508115606626,-0.37865964293842963
10096.828046744575,10096.828046744575,54.98624222502144,59.24889354462365,1420.7511064553764,-0.4804158798860007
10123.539232053423,10123.539232053423,54.859556991801334,59.00139631821901,1420.9986036817809,-0.581126223939229
10150.250417362271,10150.250417362271,54.73136273022289,58.70720720250229,1421.2927927974977,-0.680684771592397
10176.96160267112,10176.96160267112,54.601662966540914,58.36688770255989,1421.6331122974402,-0.7789775842625253
10203.672787979967,10203.672787979967,54.47046126842221,57.98105393306473,1422.0189460669353,-0.8758836653765509
10230.383973288815,10230.383973288815,54.33776124484751,57.55037971003655,1422.4496202899634,-0.971275946632392
10257.095158597662,10257.095158597662,54.203566546012155,57.075599184975914,1422.924400815024,-1.0650222753386307
10283.80634390651,10283.80634390651,54.067880863225646,56.55750902228219,1423.4424909777179,-1.1569863958079034
10310.517529215358,10310.517529215358,53.930707928810214,55.99697012382078,1424.0030298761792,-1.247028918737433
10337.228714524206,10337.228714524206,53.79205151599808,55.39490890703327,1424.6050910929666,-1.335008273387185
10363.939899833054,10363.939899833054,53.65191543882771,54.75231814514524,1425.2476818548548,-1.4207816381501681
10390.651085141903,10390.651085141903,53.510303552038785,54.07025737985277,1425.9297426201472,-1.5042058457804262
10417.36227045075,10417.36227045075,53.36721975096637,53.34985291841523,1426.6501470815847,-1.5851382601624955
10444.073455759599,10444.073455759599,53.222667971433566,52.592297428377734,1427.4077025716222,-1.6634376220023848
10470.784641068447,10470.784641068447,53.076652189643376,51.79884914424137,1428.2011508557587,-1.7389648612856945
10497.495826377295,10497.495826377295,52.929176422069276,50.97083070131468,1429.0291692986852,-1.8115838747006077
10524.207011686143,10524.207011686143,52.78024472534473,50.10962761275455,1429.8903723872454,-1.881162266565341
10550.918196994991,10550.918196994991,52.62986119615163,49.21668640645744,1430.7833135935425,-1.9475720520397886
10577.62938230384,10577.62938230384,52.47802997110764,48.29351243902105,1431.706487560979,-2.0106903216453733
10604.340567612688,10604.340567612688,52.32475522665227,47.341667404471806,1432.6583325955282,-2.0703998662853604
10631.051752921536,10631.051752921536,52.170041178932166,46.36276655586775,1433.6372334441323,-2.1265897621176135
10657.762938230384,10657.762938230384,52.01389208368506,45.35847565824436,1434.6415243417557,-2.179155914768122
10684.474123539232,10684.474123539232,51.856312236122626,44.33050769168043,1435.6694923083196,-2.2280015624699243
10711.18530884808,10711.18530884808,51.69730597081255,43.280619323536804,1436.7193806764633,-2.273037737828832
10737.896494156928,10737.896494156928,51.53687766155902,42.21060716914889,1437.789392830851,-2.3141836879834696
10764.607679465777,10764.607679465777,51.37503172128262,41.12230386045509,1438.877696139545,-2.351367253028015
10791.318864774625,10791.318864774625,51.21177260189893,40.01757394220183,1439.9824260577982,-2.384525202629327
10818.030050083473,10818.030050083473,51.04710479419589,38.898309615488394,1441.1016903845116,-2.4136035308449846
10844.741235392321,10844.741235392321,50.88103282771052,37.76642634849797,1442.233573651502,-2.4385577092431285
10871.45242070117,10871.45242070117,50.71356127060416,36.62385837429923,1443.3761416257007,-2.4593528984724884
10898.163606010017,10898.163606010017,50.54469472953679,35.47255409559695,1444.527445904403,-2.475964118542854
10924.874791318865,10924.874791318865,50.37443784954049,34.314471416252125,1445.6855285837478,-2.4883763781324575
10951.585976627714,10951.585976627714,50.2027953138915,33.15157301928149,1446.8484269807186,-2.4965847633408047
10978.297161936562,10978.297161936562,50.02977184398144,31.985821610883825,1448.014178389116,-2.5005944863981284
11005.00834724541,11005.00834724541,49.855372199187485,30.819175149811702,1449.1808248501884,-2.5004208949176068
11031.719532554256,11031.719532554256,49.67960117674142,29.6535820811264,1450.3464179188736,-2.4960894423989344
11058.430717863104,11058.430717863104,49.502463611597626,28.49097659302423,1451.5090234069758,-2.4876356207598485
11085.141903171952,11085.141903171952,49.32396437630019,27.333273915013347,1452.6667260849867,-2.4751048558084703
11111.8530884808,11111.8530884808,49.144108380848834,26.18236567524727,1453.8176343247528,-2.4585523666393043
11138.564273789649,11138.564273789649,48.962900572563754,25.0401153342832,1454.9598846657168,-2.4380429900576894
11165.275459098497,11165.275459098497,48.78034593594974,23.908353711938553,1456.0916462880614,-2.4136509712354726
11191.986644407345,11191.986644407345,48.59644949255888,22.78887462325662,1457.2111253767434,-2.385459721900445
11218.697829716193,11218.697829716193,48.41121630085248,21.683430638881923,1458.3165693611181,-2.3535615474641975
11245.409015025041,11245.409015025041,48.224651456062,20.593728984371644,1459.4062710156284,-2.3180573445902315
11272.12020033389,11272.12020033389,48.036760090048816,19.521427592150925,1460.478572407849,-2.2790562707994293
11298.831385642738,11298.831385642738,47.84754737116307,18.468131318951798,1461.5318686810483,-2.236675387794615
11325.542570951586,11325.542570951586,47.657018504101515,17.435388340665092,1462.564611659335,-2.191039280280577
11352.253756260434,11352.253756260434,47.46517872976437,16.424686735588068,1463.575313264412,-2.1422796521228236
11378.964941569282,11378.964941569282,47.27203332511111,15.437451266070957,1464.5625487339291,-2.0905349017692703
11405.67612687813,11405.67612687813,47.07758760301535,14.475040367559199,1465.5249596324409,-2.0359496789163907
11432.387312186978,11432.387312186978,46.88184691211872,13.538743353002541,1466.4612566469975,-1.97867442446421
11459.098497495826,11459.098497495826,46.68481663668365,12.629777839559166,1467.3702221604408,-1.9188648958428671
11485.809682804675,11485.809682804675,46.48650219644535,11.749287403473124,1468.250712596527,-1.856681679835704
11512.520868113523,11512.520868113523,46.28690904646277,10.898339467948409,1469.1016605320515,-1.7922896950493041
11539.23205342237,11539.23205342237,46.08604267696835,10.077923427791918,1469.922076572208,-1.7258576861928654
11565.943238731219,11565.943238731219,45.883908613217265,9.288949013554461,1470.7110509864456,-1.6575577123381495
11592.654424040067,11592.654424040067,45.68051241533519,8.53224489686933,1471.4677551031307,-1.5875646313198282
11619.365609348915,11619.365609348915,45.47585967816558,7.80855753767873,1472.1914424623212,-1.516055582418449
11646.076794657763,11646.076794657763,45.2699560311156,7.118550273052332,1472.8814497269477,-1.443209469437446
11672.787979966612,11672.787979966612,45.06280713800132,6.462802646346832,1473.5371973536533,-1.3692064462411346
11699.49916527546,11699.49916527546,44.85441869689202,5.84180997453244,1474.1581900254675,-1.294227406768057
11726.210350584308,11726.210350584308,44.64479643995332,5.255983150628875,1474.744016849371,-1.2184534814680559
11752.921535893156,11752.921535893156,44.43394613328957,4.705648677350119,1475.2943513226498,-1.142065542033922
11779.632721202002,11779.632721202002,44.221873576785235,4.19104892726123,1475.8089510727389,-1.0652437162154231
11806.34390651085,11806.34390651085,44.00858460394536,3.7123426239999233,1476.287657376,-0.9881669144028119
11833.055091819699,11833.055091819699,43.79408508173504,3.2696055384196683,1476.7303944615803,-0.9110123695691451
11859.766277128547,11859.766277128547,43.57838091041816,2.862831392863111,1477.1371686071368,-0.8339551920423458
11886.477462437395,11886.477462437395,43.361478023395065,2.4919329661867327,1477.5080670338132,-0.7571679404672643
11913.188647746243,11913.188647746243,43.14338238703919,2.1567433916206706,1477.8432566083793,-0.6808202101840987
11939.899833055091,11939.899833055091,42.92410000053318,1.8570176390710067,1478.142982360929,-0.605078240132924
11966.61101836394,11966.61101836394,42.703636895703745,1.5924341730503926,1478.4075658269496,-0.5301045392519317
11993.322203672788,11993.322203672788,42.48199913685565,1.3625967770593732,1478.6374032229405,-0.4560575332145097
12020.033388981636,12020.033388981636,42.25919282060515,1.167036534934084,1478.8329634650659,-0.38309123220204405
12046.744574290484,12046.744574290484,42.035224075712065,1.0052139594253742,1478.9947860405746,-0.3113549202913234
12073.455759599332,12073.455759599332,41.8100990629113,0.8765212580782595,1479.1234787419216,-0.24099286689074245
12100.16694490818,12100.16694490818,41.583823974743346,0.7802847263397865,1479.2197152736603,-0.17214406053496334
12126.878130217028,12126.878130217028,41.356405035383965,0.715767257732363,1479.2842327422677,-0.1049419652225518
12153.589315525876,12153.589315525876,41.127848500472986,0.6821709608898718,1479.3178290391102,-0.03951429935418782
12180.300500834725,12180.300500834725,40.898160656942146,0.6786398732622008,1479.3213601267378,0.024017162779999327
12207.011686143573,12207.011686143573,40.66734782284235,0.704262761345988,1479.295737238654,0.08553676713523273
12233.72287145242,12233.72287145242,40.435416347169614,0.7580759973959701,1479.241924002604,0.14493513392582266
12260.434056761269,12260.434056761269,40.20237260969063,0.8390665027071771,1479.1609334972927,0.20210928990257068
12287.145242070117,12287.145242070117,39.96822302076723,0.9461747477293514,1479.0538252522706,0.2569627793227362
12313.856427378965,12313.856427378965,39.732974021179956,1.078297799484825,1478.9217022005153,0.3094057541643153
12340.567612687813,12340.567612687813,39.49663208195106,1.2342924069946912,1478.7657075930053,0.35935504417858133
12367.278797996662,12367.278797996662,39.259203704166374,1.4129781156885626,1478.5870218843115,0.40673420744795263
12393.98998330551,12393.98998330551,39.020695418796464,1.6131404020580393,1478.386859597942,0.45147356217579665
12420.701168614358,12420.701168614358,38.78111378651715,1.8335338201300102,1478.16646617987,0.49351020046900046
12447.412353923206,12447.412353923206,38.54046539752888,2.0728851516643996,1477.9271148483356,0.532787984920432
12474.123539232054,12474.123539232054,38.2987568713755,2.3298965523250006,1477.670103447675,0.5692575288209779
12500.834724540902,12500.834724540902,38.055994856762204,2.60324868643404,1477.396751313566,0.6028761608633258
12527.54590984975,12527.54590984975,37.81218603137254,2.891603843283278,1477.1083961567167,0.6336078751967991
12554.257095158597,12554.257095158597,37.56733710168494,3.1936090283533796,1476.8063909716466,0.6614232677165796
12580.968280467445,12580.968280467445,37.32145480278797,3.5078990231693097,1476.4921009768307,0.6862994594552694
12607.679465776293,12607.679465776293,37.074545898195296,3.8330994078997773,1476.1669005921003,0.7082200079561033
12634.390651085141,12634.390651085141,36.82661717965949,4.167829541189267,1475.8321704588107,0.72717480747914
12661.10183639399,12661.10183639399,36.577675466985376,4.5107054920862275,1475.4892945079139,0.7431599788838799
12687.813021702837,12687.813021702837,36.32772760784216,4.860342919304072,1475.139657080696,0.7561777500168588
12714.524207011686,12714.524207011686,36.076780477575355,5.215359893416537,1474.7846401065835,0.7662363273871307
12741.235392320534,12741.235392320534,35.824840979017566,5.574379657943934,1474.4256203420562,0.7733497599182566
12767.946577629382,12767.946577629382,35.571916042298454,5.936033325637127,1474.063966674363,0.7775377954966495
12794.65776293823,12794.65776293823,35.31801262465441,6.298962506597883,1473.701037493402,0.7788257310360871
12821.368948247078,12821.368948247078,35.06313771023691,6.661821865201643,1473.3381781347985,0.7772442567172901
12848.080133555926,12848.080133555926,34.807298309920526,7.023281603096486,1472.9767183969036,0.7728292950517452
12874.791318864774,12874.791318864774,34.550501461110095,7.3820298658505195,1472.6179701341496,0.765621835355038
12901.502504173623,12901.502504173623,34.29275422754704,7.736775071100709,1472.2632249288993,0.755667764199143
12928.21368948247,12928.21368948247,34.03406369911521,8.086248156324412,1471.9137518436755,0.7430176923677798
12954.924874791319,12954.924874791319,33.77443699164567,8.42920474460741,1471.5707952553926,0.7277267787964365
12981.636060100167,12981.636060100167,33.51388124672123,8.76442722701667,1471.2355727729832,0.709854551960847
13008.347245409015,13008.347245409015,33.25240363147969,9.090726760410584,1470.9092732395893,0.6894647291195493
13035.058430717863,13035.058430717863,32.99001133841689,9.406945179723547,1470.5930548202764,0.6666250338035024
13061.769616026711,13061.769616026711,32.72671158518891,9.711956823953347,1470.2880431760466,0.6414070118956847
13088.48080133556,13088.48080133556,32.4625116144133,10.004670275258645,1469.9953297247414,0.6138858466328925
13115.191986644408,13115.191986644408,32.19741869347014,10.284030010732305,1469.7159699892677,0.5841401728119
13141.903171953256,13141.903171953256,31.931440114301918,10.549017966570188,1469.45098203343,0.5522518904736614
13168.614357262104,13168.614357262104,31.66458319321299,10.79865501448651,1469.2013449855135,0.5183059782992182
13195.325542570952,13195.325542570952,31.396855270668482,11.03200235035416,1468.967997649646,0.4823903069453989
13222.0367278798,13222.0367278798,31.128263711092174,11.248162795157368,1468.7518372048426,0.4445954525082326
13248.747913188648,13248.747913188648,30.85881590266404,11.446282008446959,1468.553717991553,0.40501451030061236
13275.459098497497,13275.459098497497,30.588519257117,11.625549614578487,1468.3744503854216,0.36374290910181994
13302.170283806343,13302.170283806343,30.317381209533032,11.785200242095883,1468.214799757904,0.3208782260307003
13328.881469115191,13328.881469115191,30.045409218138623,11.92451447669492,1468.0754855233051,0.2765200021747452
13355.59265442404,13355.59265442404,29.772610764099685,12.042819728268123,1467.9571802717319,0.230769559103749
13382.303839732887,13382.303839732887,29.4989933513158,12.139491012589474,1467.8605089874104,0.18372981637887567
13409.015025041735,13409.015025041735,29.224564506213586,12.213951648251218,1467.7860483517488,0.13550511016784625
13435.726210350584,13435.726210350584,28.949331777540024,12.265673869511263,1467.7343261304886,0.08620101307070374
13462.437395659432,13462.437395659432,28.673302736154433,12.294179355753096,1467.7058206442468,0.03592415524972091
13489.14858096828,13489.14858096828,28.396484974820492,12.299039678298488,1467.7009603217016,-0.01521795303867818
13515.859766277128,13515.859766277128,28.118886107997344,12.2798766653499,1467.72012333465,-0.06711709741714815
13542.570951585976,13542.570951585976,27.840513771629944,12.236362685872358,1467.7636373141277,-0.11966453377793124
13569.282136894824,13569.282136894824,27.561375622939323,12.16822085325664,1467.8317791467434,-0.17275116099170343
13595.993322203673,13595.993322203673,27.281479340211728,12.075225149636067,1467.924774850364,-0.22626769185140766
13622.70450751252,13622.70450751252,27.00083262258743,11.957200471759094,1468.042799528241,-0.2801048221492141
13649.415692821369,13649.415692821369,26.719443189849137,11.81402259934952,1468.1859774006505,-0.3341533977992683
13676.126878130217,13676.126878130217,26.437318782209417,11.645618086916244,1468.3543819130837,-0.38830457990136996
13702.838063439065,13702.838063439065,26.154467160097894,11.451964080005075,1468.5480359199948,-0.44245000765353026
13729.549248747913,13729.549248747913,25.870896103947786,11.23308805691625,1468.7669119430836,-0.4964819590050282
13756.260434056761,13756.260434056761,25.586613413981855,10.989067496945216,1469.0109325030548,-0.55029350895062
13782.97161936561,13782.97161936561,25.301626909997857,10.720029476237285,1469.2799705237628,-0.6037786853548976
13809.682804674458,13809.682804674458,25.015944431153436,10.426150192383902,1469.5738498076162,-0.6568326222008012
13836.393989983306,13836.393989983306,24.72957383575057,10.10765441892579,1469.892345581074,-0.7093517101485683
13863.105175292154,13863.105175292154,24.44252300101922,9.76481489096794,1470.235185109032,-0.7612337442931699
13889.816360601002,13889.816360601002,24.154799822900838,9.397951623153576,1470.6020483768464,-0.8123780690035277
13916.52754590985,13916.52754590985,23.866412215831165,9.007431161288428,1470.9925688387116,-0.8626857197299851
13943.238731218698,13943.238731218698,23.577368112522315,8.593665768951448,1471.4063342310485,-0.9120595616596654
13969.949916527547,13969.949916527547,23.287675463744883,8.157112550477967,1471.842887449522,-0.960404425105029
13996.661101836395,13996.661101836395,22.99734223810899,7.698272511748683,1472.3017274882513,-1.0076272375035047
14023.372287145243,14023.372287145243,22.70637642184519,7.217689560271889,1472.782310439728,-1.053637151916417
14050.083472454091,14050.083472454091,22.414786018584802,6.71594944609727,1473.2840505539027,-1.0983456719045785
14076.794657762937,14076.794657762937,22.122579049139755,6.193678645156269,1473.8063213548437,-1.1416667726674186
14103.505843071785,14103.505843071785,21.829763551281854,5.651543186678461,1474.3484568133215,-1.1835170183320667
14130.217028380634,14130.217028380634,21.536347579521816,5.090247426390788,1474.9097525736092,-1.2238156752748026
14156.928213689482,14156.928213689482,21.242339204887752,4.510532767265163,1475.4894672327348,-1.262484821371782
14183.63939899833,14183.63939899833,20.947746514702892,3.913176329636631,1476.0868236703634,-1.2994494510633636
14210.350584307178,14210.350584307178,20.652577612363466,3.298989572575417,1476.7010104274245,-1.3346375761325464
14237.061769616026,14237.061769616026,20.356840617115576,2.66881686845275,1477.3311831315473,-1.367980322088088
14263.772954924874,14263.772954924874,20.06054366383185,2.02353403270057,1477.9764659672994,-1.3994120200622795
14290.484140233722,14290.484140233722,19.763694902787883,1.364046810823985,1478.635953189176,-1.4288702941183813
14317.19532554257,14317.19532554257,19.466302499437838,0.6912893247805592,1479.3087106752193,-1.4562961438804958
14343.906510851419,14343.906510851419,19.16837463418991,0.006222480901309028,1479.9937775190988,-1.4816340223952158
14370.617696160267,14370.617696160267,18.86991950218135,-0.6901676584214954,1480.6901676584214,-1.5048319091407671
14397.328881469115,14397.328881469115,18.57094531305289,-1.3968715369948892,1481.396871536995,-1.5258413781018028
14424.040066777963,14424.040066777963,18.27146029072318,-2.1128577987014374,1482.1128577987015,-1.544617660832882
14450.751252086811,14450.751252086811,17.971472673162324,-2.8370750106063465,1482.8370750106064,-1.5611197044392595
14477.46243739566,14477.46243739566,17.67099071216539,-3.568453412862191,1483.5684534128623,-1.57531022439957
14504.173622704508,14504.173622704508,17.37002267312542,-4.305906692933555,1484.3059066929336,-1.5871557521740831
14530.884808013356,14530.884808013356,17.06857683480605,-5.0483337816197125,1485.0483337816197,-1.5966266775333195
14557.595993322204,14557.595993322204,16.766661489113808,-5.7946206683142165,1485.794620668314,-1.6036972855465392
14584.307178631052,14584.307178631052,16.464284940869987,-6.543642232903646,1486.5436422329037,-1.6083457881811627
14611.0183639399,14611.0183639399,16.161455507582335,-7.294264091672723,1487.2942640916726,-1.6105543504689124
14637.729549248748,14637.729549248748,15.858181519216014,-8.045344454554481,1488.0453444545544,-1.6103091111832966
14664.440734557596,14664.440734557596,15.554471317964682,-8.795735991036132,1488.795735991036,-1.6076001980020946
14691.151919866445,14691.151919866445,15.250333258021048,-9.54428770200903,1489.5442877020091,-1.602421737107608
14717.863105175293,14717.863105175293,14.945775705346787,-10.28984679483406,1490.2898467948341,-1.594771857198544
14744.57429048414,14744.57429048414,14.640807037442803,-11.031260558874276,1491.0312605588742,-1.5846526878937928
14771.285475792989,14771.285475792989,14.33543564311851,-11.767378238741912,1491.767378238742,-1.5720703524954953
14797.996661101837,14797.996661101837,14.029669922261089,-12.497052902495334,1492.4970529024954,-1.5570349551060865
14824.707846410683,14824.707846410683,13.723518285604692,-13.219143302021791,1493.2191433020218,-1.5395605620781914
14851.419031719532,14851.419031719532,13.41698915449872,-13.932515722845688,1493.9325157228457,-1.519665177806012
14878.13021702838,14878.13021702838,13.11009096067646,-14.636045820602973,1494.636045820603,-1.497370714845939
14904.841402337228,14904.841402337228,12.802832146023006,-15.328620441441611,1495.3286204414417,-1.4727029583819882
14931.552587646076,14931.552587646076,12.495221162343185,-16.009139423615643,1496.0091394236156,-1.4456915250465385
14958.263772954924,14958.263772954924,12.187266471128837,-16.67651737756782,1496.6765173775677,-1.4163698161181082
14984.974958263772,14984.974958263772,11.878976543326269,-17.32968544181408,1497.329685441814,-1.3847749651235295
15011.68614357262,15011.68614357262,11.57035985910327,-17.96759301197717,1497.9675930119772,-1.3509477798800937
15038.397328881469,15038.397328881469,11.261424907615574,-18.589209440348487,1498.5892094403484,-1.3149326790234463
15065.108514190317,15065.108514190317,10.952180186773704,-19.193525703395093,1499.1935257033952,-1.2767776230657415
15091.819699499165,15091.819699499165,10.642634203008978,-19.779556034672677,1499.7795560346726,-1.2365340400571778
15118.530884808013,15118.530884808013,10.332795471039502,-20.346339520650897,1500.3463395206509,-1.194256745907876
15145.242070116861,15145.242070116861,10.022672513636206,-20.892941657009946,1500.89294165701,-1.1500038594588768
15171.95325542571,15171.95325542571,9.71227386138813,-21.41845586302228,1501.4184558630222,-1.10383671238262
15198.664440734558,15198.664440734558,9.401608052467921,-21.922004951692706,1501.9220049516928,-1.0558197540222538
15225.375626043406,15225.375626043406,9.090683632396898,-22.402742553394365,1502.4027425533943,-1.0060204512695856
15252.086811352254,15252.086811352254,8.779509153810146,-22.85985449080481,1502.8598544908048,-0.9545091836070606
15278.797996661102,15278.797996661102,8.46809317622097,-23.29256010301918,1503.2925601030192,-0.901359133443814
15305.50918196995,15305.50918196995,8.15644426578573,-23.700113516791387,1503.7001135167914,-0.8466461718835884
15332.220367278798,15332.220367278798,7.844570995068066,-24.08180486293314,1504.081804862933,-0.7904487400843413
15358.931552587646,15358.931552587646,7.5324819428031,-24.436961435983783,1504.4369614359837,-0.73284772636512
15385.642737896495,15385.642737896495,7.220185693661588,-24.76494879534781,1504.764948795348,-0.6739263392403106
15412.353923205343,15412.353923205343,6.907690838013513,-25.065171806187067,1505.065171806187,-0.6137699765613446
15439.06510851419,15439.06510851419,6.595005971692035,-25.337075618445464,1505.3370756184454,-0.5524660909676894
15465.776293823039,15465.776293823039,6.282139695757037,-25.580146582478264,1505.5801465824782,-0.4901040518471062
15492.487479131887,15492.487479131887,5.96910061625827,-25.793913099856482,1505.7939130998566,-0.426775004024359
15519.198664440735,15519.198664440735,5.655897343999005,-25.977946408014862,1505.9779464080148,-0.36257172340409816
15545.909849749583,15545.909849749583,5.342538494298899,-26.131861297515947,1506.131861297516,-0.2975884697995552
15572.621035058432,15572.621035058432,5.029032686757015,-26.25531676080505,1506.255316760805,-0.23192083719480613
15599.332220367278,15599.332220367278,4.715388545014993,-26.348016571438837,1506.3480165714388,-0.16566560168829172
15626.043405676126,15626.043405676126,4.40161469651946,-26.40970979287734,1506.4097097928773,-0.09892056737676112
15652.754590984974,15652.754590984974,4.087719772285009,-26.440191216039473,1506.4401912160395,-0.03178441044555422
15679.465776293822,15679.465776293822,3.773712406656623,-26.439301724932843,1506.4393017249329,0.035643478264250524
15706.17696160267,15706.17696160267,3.459601237072332,-26.406928589781714,1506.4069285897817,0.10326315193613239
15732.888146911519,15732.888146911519,3.145394903825354,-26.343005687189805,1506.3430056871898,0.17097426742656227
15759.599332220367,15759.599332220367,2.831102049826664,-26.247513646989855,1506.2475136469898,0.23867624559687745
15786.310517529215,15786.310517529215,2.5167313203672546,-26.120479925546114,1506.120479925546,0.30626843204493975
15813.021702838063,15813.021702838063,2.2022913628800604,-25.96197880539231,1505.9619788053924,0.37365025794764145
15839.732888146911,15839.732888146911,1.887790826702467,-25.77213132120309,1505.772131321203,0.440721400729899
15866.44407345576,15866.44407345576,1.5732383628381246,-25.551105112213197,1505.5511051122132,0.5073819442695251
15893.155258764607,15893.155258764607,1.2586426237189852,-25.299114201314552,1505.2991142013145,0.5735325383575208
15919.866444073456,15919.866444073456,0.944012262967538,-25.016418701177187,1505.0164187011771,0.6390745571257159
15946.577629382304,15946.577629382304,0.6293559351585067,-24.70332444785493,1504.703324447855,0.7039102561667325
15973.288814691152,15973.288814691152,0.31468229558092115,-24.360182562451918,1504.3601825624519,0.7679429280681259
16000.0,16000.0,7.34788079488412e-15,-23.98738894153908,1503.9873889415392,0.8310770560903696
